Time,Command_0,Command 1,Pitch,Pitch_Rate
10,82.25,82.75,-8.875,-0.0166667
23,82.25,82.75,-8.875,0.0177778
34,82.25,82.75,-8.875,0.0533333
45,82.375,82.625,-8.8125,0.107778
56,82.5,82.5,-8.75,0.105556
66,82.625,82.375,-8.6875,0.08
76,82.875,82.125,-8.5625,0.05
86,82.875,82.125,-8.5625,0.0266667
97,82.875,82.125,-8.5625,-0.00111111
107,82.875,82.125,-8.5625,-0.0133333
118,82.875,82.125,-8.5625,-0.0177778
127,82.875,82.125,-8.5625,0.00222222
135,82.875,82.125,-8.5625,0.0333333
145,82.875,82.125,-8.5625,0.0566667
153,82.875,82.125,-8.5625,0.0566667
163,83,82,-8.5,0.0588889
173,83,82,-8.5,0.0466667
184,83.125,81.875,-8.4375,0.0222222
194,83,82,-8.5,-0.0322222
203,83,82,-8.5,-0.0711111
211,82.75,82.25,-8.625,-0.164444
223,82.625,82.375,-8.6875,-0.152222
233,82.5,82.5,-8.75,-0.142222
244,82.375,82.625,-8.8125,-0.127778
253,82.25,82.75,-8.875,-0.0855556
261,82.125,82.875,-8.9375,-0.0544444
272,82.125,82.875,-8.9375,-0.0366667
284,82.125,82.875,-8.9375,-0.0488889
294,82,83,-9,-0.0733333
303,81.875,83.125,-9.0625,-0.0777778
312,81.75,83.25,-9.125,-0.0966667
323,81.625,83.375,-9.1875,-0.103333
333,81.625,83.375,-9.1875,-0.0788889
347,81.5,83.5,-9.25,-0.0766667
355,81.5,83.5,-9.25,-0.0711111
364,81.375,83.625,-9.3125,-0.0711111
374,81.25,83.75,-9.375,-0.0711111
385,81.25,83.75,-9.375,-0.0822222
395,81.125,83.875,-9.4375,-0.0922222
404,81,84,-9.5,-0.0877778
413,80.875,84.125,-9.5625,-0.0844444
422,80.875,84.125,-9.5625,-0.0777778
432,80.75,84.25,-9.625,-0.0777778
442,80.625,84.375,-9.6875,-0.0833333
451,80.5,84.5,-9.75,-0.0844444
459,80.5,84.5,-9.75,-0.0566667
468,80.375,84.625,-9.8125,-0.0655556
477,80.375,84.625,-9.8125,-0.0755556
486,80.375,84.625,-9.8125,-0.0588889
496,80.25,84.75,-9.875,-0.106667
505,80.125,84.875,-9.9375,-0.106667
514,79.5,85.5,-10.25,-0.534444
525,79.75,85.25,-10.125,0.171111
535,79.875,85.125,-10.0625,0.1
546,79.75,85.25,-10.125,-0.0122222
554,79.875,85.125,-10.0625,0.0311111
563,79.875,85.125,-10.0625,0.0666667
574,80.125,84.875,-9.9375,0.196667
585,80.25,84.75,-9.875,0.0911111
596,80.375,84.625,-9.8125,0.0988889
604,80.5,84.5,-9.75,0.118889
613,80.625,84.375,-9.6875,0.111111
623,80.625,84.375,-9.6875,0.0688889
635,80.75,84.25,-9.625,0.0488889
646,80.75,84.25,-9.625,0.0277778
656,80.75,84.25,-9.625,0.00111111
666,80.75,84.25,-9.625,-0.0177778
676,80.75,84.25,-9.625,-0.0333333
686,80.625,84.375,-9.6875,-0.04
697,80.625,84.375,-9.6875,-0.0511111
705,80.625,84.375,-9.6875,-0.0555556
714,80.5,84.5,-9.75,-0.0522222
723,80.5,84.5,-9.75,-0.0566667
732,80.375,84.625,-9.8125,-0.0511111
742,80.375,84.625,-9.8125,-0.0433333
750,80.25,84.75,-9.875,-0.0433333
759,80.25,84.75,-9.875,-0.0488889
768,80.25,84.75,-9.875,-0.0488889
777,80.25,84.75,-9.875,-0.05
787,80.125,84.875,-9.9375,-0.05
798,80.125,84.875,-9.9375,-0.05
807,80,85,-10,-0.0544444
815,80,85,-10,-0.0611111
825,79.875,85.125,-10.0625,-0.0722222
836,79.875,85.125,-10.0625,-0.0844444
847,79.75,85.25,-10.125,-0.0966667
856,79.625,85.375,-10.1875,-0.0977778
864,79.5,85.5,-10.25,-0.122222
873,79.375,85.625,-10.3125,-0.122222
882,79.125,85.875,-10.4375,-0.143333
891,79,86,-10.5,-0.158889
900,78.875,86.125,-10.5625,-0.161111
908,78.875,86.125,-10.5625,-0.161111
917,78.625,86.375,-10.6875,-0.166667
927,78.375,86.625,-10.8125,-0.171111
938,78.25,86.75,-10.875,-0.174444
949,78,87,-11,-0.176667
957,77.875,87.125,-11.0625,-0.171111
965,77.625,87.375,-11.1875,-0.158889
975,77.5,87.5,-11.25,-0.156667
985,77.25,87.75,-11.375,-0.157778
996,77.125,87.875,-11.4375,-0.14
1004,77,88,-11.5,-0.121111
1013,76.875,88.125,-11.5625,-0.133333
1021,76.75,88.25,-11.625,-0.148889
1030,76.75,88.25,-11.625,-0.145556
1040,76.5,88.5,-11.75,-0.131111
1049,76.375,88.625,-11.8125,-0.107778
1058,76.25,88.75,-11.875,-0.107778
1066,76.125,88.875,-11.9375,-0.09
1077,76.125,88.875,-11.9375,-0.0677778
1088,76,89,-12,-0.0677778
1099,76,89,-12,-0.0755556
1107,75.875,89.125,-12.0625,-0.0733333
1116,75.75,89.25,-12.125,-0.0666667
1125,75.75,89.25,-12.125,-0.0633333
1135,75.625,89.375,-12.1875,-0.06
1144,75.625,89.375,-12.1875,-0.0455556
1153,75.5,89.5,-12.25,-0.0522222
1161,75.5,89.5,-12.25,-0.06
1170,75.5,89.5,-12.25,-0.0633333
1180,75.375,89.625,-12.3125,-0.0633333
1190,75.375,89.625,-12.3125,-0.0677778
1200,75.25,89.75,-12.375,-0.0755556
1208,75.125,89.875,-12.4375,-0.0822222
1217,75,90,-12.5,-0.0888889
1226,74.875,90.125,-12.5625,-0.0922222
1236,74.875,90.125,-12.5625,-0.09
1247,74.75,90.25,-12.625,-0.0944444
1255,74.625,90.375,-12.6875,-0.0955556
1264,74.5,90.5,-12.75,-0.0944444
1272,74.375,90.625,-12.8125,-0.0866667
1281,74.375,90.625,-12.8125,-0.0788889
1291,74.375,90.625,-12.8125,-0.0722222
1301,74.25,90.75,-12.875,-0.07
1309,74.125,90.875,-12.9375,-0.07
1319,74.125,90.875,-12.9375,-0.0666667
1328,74,91,-13,-0.08
1339,73.875,91.125,-13.0625,-0.0966667
1350,73.75,91.25,-13.125,-0.0711111
1358,73.75,91.25,-13.125,-0.06
1367,73.625,91.375,-13.1875,-0.06
1376,73.625,91.375,-13.1875,-0.0677778
1385,73.5,91.5,-13.25,-0.0655556
1394,73.5,91.5,-13.25,-0.0322222
1403,73.5,91.5,-13.25,-0.0388889
1411,73.5,91.5,-13.25,-0.0566667
1421,73.375,91.625,-13.3125,-0.0566667
1431,73.25,91.75,-13.375,-0.0611111
1441,73.25,91.75,-13.375,-0.0677778
1452,73.125,91.875,-13.4375,-0.07
1461,73.125,91.875,-13.4375,-0.0788889
1473,73,92,-13.5,-0.09
1482,72.875,92.125,-13.5625,-0.103333
1492,72.75,92.25,-13.625,-0.107778
1502,72.625,92.375,-13.6875,-0.107778
1510,72.5,92.5,-13.75,-0.116667
1519,72.375,92.625,-13.8125,-0.125556
1528,72.25,92.75,-13.875,-0.125556
1539,72.125,92.875,-13.9375,-0.0955556
1550,72,93,-14,-0.0833333
1559,71.875,93.125,-14.0625,-0.104444
1567,71.75,93.25,-14.125,-0.1
1576,71.625,93.375,-14.1875,-0.11
1584,71.5,93.5,-14.25,-0.103333
1593,71.5,93.5,-14.25,-0.0833333
1602,71.5,93.5,-14.25,-0.0611111
1611,71.375,93.625,-14.3125,-0.0611111
1620,71.375,93.625,-14.3125,-0.0555556
1630,71.25,93.75,-14.375,-0.0666667
1641,71.25,93.75,-14.375,-0.0555556
1652,71.125,93.875,-14.4375,-0.05
1660,71.125,93.875,-14.4375,-0.06
1669,71,94,-14.5,-0.0366667
1679,71,94,-14.5,-0.0266667
1690,71,94,-14.5,-0.0355556
1701,71,94,-14.5,-0.0255556
1711,70.875,94.125,-14.5625,-0.0155556
1722,70.875,94.125,-14.5625,-0.00222222
1732,70.875,94.125,-14.5625,0.01
1742,71,94,-14.5,0.0533333
1753,71.125,93.875,-14.4375,0.0855556
1762,71.25,93.75,-14.375,0.122222
1770,71.375,93.625,-14.3125,0.178889
1781,71.625,93.375,-14.1875,0.22
1792,72,93,-14,0.254444
1802,72.25,92.75,-13.875,0.28
1811,72.625,92.375,-13.6875,0.295556
1820,72.875,92.125,-13.5625,0.314444
1830,73.25,91.75,-13.375,0.327778
1841,73.625,91.375,-13.1875,0.332222
1852,74,91,-13,0.325556
1861,74.375,90.625,-12.8125,0.322222
1869,74.75,90.25,-12.625,0.308889
1879,75,90,-12.5,0.298889
1888,75.375,89.625,-12.3125,0.294444
1898,75.75,89.25,-12.125,0.298889
1906,76,89,-12,0.302222
1915,76.375,88.625,-11.8125,0.302222
1923,76.375,88.625,-11.8125,0.302222
1933,76.75,88.25,-11.625,0.303333
1944,77,88,-11.5,0.29
1954,77.375,87.625,-11.3125,0.277778
1962,77.625,87.375,-11.1875,0.258889
1971,77.875,87.125,-11.0625,0.257778
1981,78.25,86.75,-10.875,0.252222
1992,78.5,86.5,-10.75,0.246667
2003,78.75,86.25,-10.625,0.255556
2011,79,86,-10.5,0.233333
2020,79.25,85.75,-10.375,0.211111
2030,79.5,85.5,-10.25,0.212222
2040,79.75,85.25,-10.125,0.214444
2050,80,85,-10,0.221111
2059,80.25,84.75,-9.875,0.213333
2067,80.5,84.5,-9.75,0.22
2076,80.75,84.25,-9.625,0.221111
2085,80.75,84.25,-9.625,0.216667
2096,81,84,-9.5,0.214444
2106,81.125,83.875,-9.4375,0.207778
2114,81.375,83.625,-9.3125,0.207778
2123,81.625,83.375,-9.1875,0.206667
2133,81.875,83.125,-9.0625,0.193333
2144,82,83,-9,0.175556
2154,82.25,82.75,-8.875,0.186667
2163,82.5,82.5,-8.75,0.191111
2171,82.625,82.375,-8.6875,0.178889
2181,82.875,82.125,-8.5625,0.167778
2191,83,82,-8.5,0.161111
2202,83.25,81.75,-8.375,0.17
2210,83.375,81.625,-8.3125,0.176667
2219,83.625,81.375,-8.1875,0.177778
2227,83.75,81.25,-8.125,0.182222
2236,83.75,81.25,-8.125,0.18
2246,84,81,-8,0.161111
2256,84.125,80.875,-7.9375,0.154444
2264,84.375,80.625,-7.8125,0.154444
2273,84.5,80.5,-7.75,0.158889
2284,84.625,80.375,-7.6875,0.141111
2294,84.875,80.125,-7.5625,0.138889
2305,85,80,-7.5,0.143333
2313,85.125,79.875,-7.4375,0.151111
2322,85.375,79.625,-7.3125,0.155556
2331,85.5,79.5,-7.25,0.165556
2343,85.625,79.375,-7.1875,0.156667
2354,85.875,79.125,-7.0625,0.16
2362,86,79,-7,0.16
2371,86.25,78.75,-6.875,0.15
2379,86.375,78.625,-6.8125,0.138889
2387,86.5,78.5,-6.75,0.148889
2397,86.5,78.5,-6.75,0.145556
2409,86.75,78.25,-6.625,0.13
2417,87,78,-6.5,0.135556
2426,87,78,-6.5,0.135556
2436,87.125,77.875,-6.4375,0.135556
2446,87.25,77.75,-6.375,0.112222
2456,87.375,77.625,-6.3125,0.122222
2465,87.5,77.5,-6.25,0.115556
2474,87.625,77.375,-6.1875,0.111111
2484,87.75,77.25,-6.125,0.106667
2495,87.875,77.125,-6.0625,0.111111
2506,88,77,-6,0.116667
2515,88.125,76.875,-5.9375,0.114444
2523,88.25,76.75,-5.875,0.122222
2533,88.5,76.5,-5.75,0.131111
2543,88.625,76.375,-5.6875,0.131111
2553,72.75,92.25,-13.625,0.13
2562,88.875,76.125,-5.5625,0.126667
2570,89,76,-5.5,0.125556
2579,89.125,75.875,-5.4375,0.118889
2588,89.125,75.875,-5.4375,0.102222
2598,89.25,75.75,-5.375,0.18
2608,89.5,75.5,-5.25,0.353333
2616,89.875,75.125,-5.0625,0.353333
2625,90,75,-5,0.168889
2636,90.125,74.875,-4.9375,0.0911111
2646,90.25,74.75,-4.875,0.0877778
2657,90.375,74.625,-4.8125,0.126667
2666,90.625,74.375,-4.6875,0.167778
2674,90.625,74.375,-4.6875,0.0733333
2685,90.625,74.375,-4.6875,0.00555556
2696,90.75,74.25,-4.625,0.0366667
2707,90.75,74.25,-4.625,0.0822222
2716,90.875,74.125,-4.5625,0.06
2725,90.875,74.125,-4.5625,0.0488889
2736,91,74,-4.5,0.0355556
2747,91,74,-4.5,0.0344444
2757,91,74,-4.5,0.0333333
2766,91.125,73.875,-4.4375,0.0244444
2775,91.125,73.875,-4.4375,0.0177778
2785,91.125,73.875,-4.4375,0.0155556
2797,91.125,73.875,-4.4375,0.0222222
2807,91.125,73.875,-4.4375,0.0255556
2816,91.125,73.875,-4.4375,0.03
2824,91.25,73.75,-4.375,0.0422222
2834,91.25,73.75,-4.375,0.0511111
2843,91.375,73.625,-4.3125,0.07
2852,91.5,73.5,-4.25,0.0822222
2860,91.5,73.5,-4.25,0.0922222
2869,91.5,73.5,-4.25,0.0944444
2878,91.625,73.375,-4.1875,0.0944444
2888,91.75,73.25,-4.125,0.0988889
2898,91.875,73.125,-4.0625,0.0911111
2909,92,73,-4,0.0944444
2917,92.125,72.875,-3.9375,0.0811111
2926,92.125,72.875,-3.9375,0.0711111
2936,92.25,72.75,-3.875,0.0666667
2947,92.375,72.625,-3.8125,0.0733333
2959,92.375,72.625,-3.8125,0.0733333
2967,92.5,72.5,-3.75,0.0644444
2976,92.5,72.5,-3.75,0.0566667
2986,92.625,72.375,-3.6875,0.0611111
2997,92.625,72.375,-3.6875,0.06
3008,92.75,72.25,-3.625,0.0411111
3017,92.75,72.25,-3.625,0.0588889
3025,92.875,72.125,-3.5625,0.0588889
3035,92.875,72.125,-3.5625,0.0577778
3046,93,72,-3.5,0.0588889
3057,93,72,-3.5,0.0566667
3065,93.125,71.875,-3.4375,0.0533333
3073,93.125,71.875,-3.4375,0.0522222
3082,93.25,71.75,-3.375,0.06
3091,93.25,71.75,-3.375,0.0488889
3101,93.25,71.75,-3.375,0.0444444
3110,93.375,71.625,-3.3125,0.0488889
3119,93.375,71.625,-3.3125,0.0488889
3127,93.375,71.625,-3.3125,0.0466667
3138,93.5,71.5,-3.25,0.0522222
3149,93.5,71.5,-3.25,0.0544444
3160,93.625,71.375,-3.1875,0.0633333
3168,93.75,71.25,-3.125,0.0722222
3177,93.75,71.25,-3.125,0.0755556
3187,93.875,71.125,-3.0625,0.0877778
3197,94,71,-3,0.0844444
3208,94.125,70.875,-2.9375,0.0655556
3216,94.125,70.875,-2.9375,0.0722222
3225,94.25,70.75,-2.875,0.0677778
3233,94.25,70.75,-2.875,0.0522222
3242,94.25,70.75,-2.875,0.0377778
3251,94.375,70.625,-2.8125,0.0333333
3261,94.375,70.625,-2.8125,0.0366667
3270,94.375,70.625,-2.8125,0.0366667
3278,94.5,70.5,-2.75,0.0344444
3289,94.5,70.5,-2.75,0.0422222
3300,94.5,70.5,-2.75,0.0466667
3311,94.625,70.375,-2.6875,0.0588889
3319,94.625,70.375,-2.6875,0.0655556
3328,94.75,70.25,-2.625,0.0677778
3338,94.875,70.125,-2.5625,0.0688889
3348,94.875,70.125,-2.5625,0.0688889
3359,95,70,-2.5,0.0722222
3368,95,70,-2.5,0.0722222
3376,95.125,69.875,-2.4375,0.0744444
3385,95.25,69.75,-2.375,0.0644444
3394,95.25,69.75,-2.375,0.0855556
3403,95.25,69.75,-2.375,0.0833333
3412,95.375,69.625,-2.3125,0.0933333
3421,95.5,69.5,-2.25,0.0933333
3430,95.625,69.375,-2.1875,0.0922222
3440,95.75,69.25,-2.125,0.0833333
3451,95.75,69.25,-2.125,0.0788889
3461,95.875,69.125,-2.0625,0.0711111
3470,96,69,-2,0.0833333
3479,96,69,-2,0.0888889
3489,96.125,68.875,-1.9375,0.0755556
3500,96.25,68.75,-1.875,0.0711111
3511,96.25,68.75,-1.875,0.0633333
3522,96.375,68.625,-1.8125,0.0666667
3531,96.375,68.625,-1.8125,0.0655556
3541,96.5,68.5,-1.75,0.0688889
3552,96.625,68.375,-1.6875,0.0744444
3562,96.625,68.375,-1.6875,0.0733333
3571,96.75,68.25,-1.625,0.05
3580,96.75,68.25,-1.625,0.0488889
3591,96.75,68.25,-1.625,0.04
3601,96.875,68.125,-1.5625,0.0544444
3612,96.875,68.125,-1.5625,0.0511111
3622,97,68,-1.5,0.0455556
3630,97,68,-1.5,0.0433333
3641,97,68,-1.5,0.0433333
3652,97.125,67.875,-1.4375,0.05
3662,97.125,67.875,-1.4375,0.0522222
3671,97.25,67.75,-1.375,0.0511111
3679,97.25,67.75,-1.375,0.0555556
3690,97.375,67.625,-1.3125,0.0555556
3701,97.375,67.625,-1.3125,0.0533333
3712,97.5,67.5,-1.25,0.0555556
3720,97.5,67.5,-1.25,0.0566667
3729,97.625,67.375,-1.1875,0.0644444
3738,97.625,67.375,-1.1875,0.0711111
3748,97.75,67.25,-1.125,0.0788889
3757,81.875,83.125,-9.0625,0.0788889
3765,98,67,-1,0.0888889
3774,98,67,-1,0.104444
3782,98,67,-1,0.104444
3793,98.125,66.875,-0.9375,0.106667
3803,98.25,66.75,-0.875,0.112222
3814,98.375,66.625,-0.8125,0.0544444
3822,98.625,66.375,-0.6875,0.194444
3831,98.875,66.125,-0.5625,0.316667
3842,99.125,65.875,-0.4375,0.161111
3853,99.125,65.875,-0.4375,0.0633333
3863,99.25,65.75,-0.375,0.113333
3872,99.5,65.5,-0.25,0.158889
3880,99.625,65.375,-0.1875,0.12
3892,99.75,65.25,-0.125,0.104444
3903,99.875,65.125,-0.0625,0.0988889
3913,99.875,65.125,-0.0625,0.0755556
3922,100,65,0,0.0577778
3930,100,65,0,0.0677778
3941,100,65,0,0.0577778
3952,100,65,0,0.0488889
3963,100.125,64.875,0.0625,0.0533333
3972,100.125,64.875,0.0625,0.0588889
3980,100.25,64.75,0.125,0.0577778
3990,100.25,64.75,0.125,0.0577778
4000,100.375,64.625,0.1875,0.0888889
4010,100.5,64.5,0.25,0.0922222
4019,100.625,64.375,0.3125,0.102222
4028,100.75,64.25,0.375,0.113333
4036,100.875,64.125,0.4375,0.121111
4046,100.875,64.125,0.4375,0.128889
4055,101,64,0.5,0.131111
4065,101.125,63.875,0.5625,0.127778
4074,101.25,63.75,0.625,0.127778
4082,101.375,63.625,0.6875,0.122222
4093,101.5,63.5,0.75,0.111111
4104,101.625,63.375,0.8125,0.115556
4114,101.875,63.125,0.9375,0.117778
4123,102,63,1,0.13
4131,102.125,62.875,1.0625,0.144444
4141,102.25,62.75,1.125,0.136667
4150,102.375,62.625,1.1875,0.132222
4160,102.625,62.375,1.3125,0.144444
4168,102.75,62.25,1.375,0.151111
4177,102.875,62.125,1.4375,0.146667
4185,102.875,62.125,1.4375,0.147778
4196,103,62,1.5,0.147778
4205,103.25,61.75,1.625,0.154444
4216,103.375,61.625,1.6875,0.166667
4225,103.625,61.375,1.8125,0.173333
4233,103.75,61.25,1.875,0.168889
4251,104,61,2,0.164444
4265,104.25,60.75,2.125,0.157778
4273,104.5,60.5,2.25,0.156667
4281,104.625,60.375,2.3125,0.153333
4291,104.875,60.125,2.4375,0.162222
4301,105,60,2.5,0.158889
4310,105.125,59.875,2.5625,0.143333
4318,105.25,59.75,2.625,0.135556
4326,105.25,59.75,2.625,0.141111
4335,105.5,59.5,2.75,0.141111
4346,105.625,59.375,2.8125,0.134444
4356,105.75,59.25,2.875,0.138889
4366,105.875,59.125,2.9375,0.14
4375,106.125,58.875,3.0625,0.137778
4383,106.25,58.75,3.125,0.14
4393,106.375,58.625,3.1875,0.144444
4404,106.625,58.375,3.3125,0.151111
4415,106.75,58.25,3.375,0.174444
4424,107,58,3.5,0.185556
4432,107.25,57.75,3.625,0.2
4440,107.375,57.625,3.6875,0.196667
4449,107.625,57.375,3.8125,0.205556
4458,107.625,57.375,3.8125,0.206667
4467,107.875,57.125,3.9375,0.221111
4477,108.125,56.875,4.0625,0.221111
4485,108.375,56.625,4.1875,0.23
4496,108.625,56.375,4.3125,0.224444
4507,108.875,56.125,4.4375,0.208889
4517,109,56,4.5,0.182222
4526,109.25,55.75,4.625,0.17
4534,109.375,55.625,4.6875,0.164444
4546,109.5,55.5,4.75,0.121111
4556,109.625,55.375,4.8125,0.0977778
4567,109.75,55.25,4.875,0.0722222
4575,109.75,55.25,4.875,0.0577778
4584,109.875,55.125,4.9375,0.0744444
4595,110,55,5,0.0566667
4606,110,55,5,0.0322222
4617,110,55,5,0.01
4626,110,55,5,-0.00777778
4634,110,55,5,-0.0111111
4644,110,55,5,-0.00333333
4654,110,55,5,-0.0166667
4667,109.875,55.125,4.9375,-0.0433333
4680,109.875,55.125,4.9375,-0.0477778
4691,109.75,55.25,4.875,-0.0677778
4700,109.625,55.375,4.8125,-0.0655556
4709,109.625,55.375,4.8125,-0.0633333
4719,109.5,55.5,4.75,-0.0477778
4728,109.5,55.5,4.75,-0.0477778
4736,109.5,55.5,4.75,-0.0433333
4747,109.375,55.625,4.6875,-0.0455556
4758,109.375,55.625,4.6875,-0.0333333
4769,109.375,55.625,4.6875,-0.0188889
4778,109.25,55.75,4.625,-0.0377778
4787,109.25,55.75,4.625,-0.0344444
4798,109.25,55.75,4.625,-0.0255556
4808,109.25,55.75,4.625,-0.0233333
4819,109.25,55.75,4.625,-0.0155556
4827,109.25,55.75,4.625,-0.00222222
4836,109.25,55.75,4.625,0
4847,109.25,55.75,4.625,-0.01
4858,109.125,55.875,4.5625,-0.0277778
4868,109.125,55.875,4.5625,-0.0411111
4877,109.125,55.875,4.5625,-0.0588889
4885,109,56,4.5,-0.0866667
4895,108.875,56.125,4.4375,-0.0966667
4905,108.75,56.25,4.375,-0.0855556
4915,108.625,56.375,4.3125,-0.0822222
4923,108.5,56.5,4.25,-0.0933333
4932,108.375,56.625,4.1875,-0.115556
4940,108.375,56.625,4.1875,-0.136667
4950,108.25,56.75,4.125,-0.15
4959,108.125,56.875,4.0625,-0.15
4969,108,57,4,-0.138889
4978,107.75,57.25,3.875,-0.127778
4987,107.625,57.375,3.8125,-0.151111
4998,107.375,57.625,3.6875,-0.183333
5009,107.125,57.875,3.5625,-0.194444
5019,107,58,3.5,-0.208889
5028,106.75,58.25,3.375,-0.214444
5036,106.5,58.5,3.25,-0.215556
5045,106.25,58.75,3.125,-0.214444
5054,106,59,3,-0.206667
5062,105.75,59.25,2.875,-0.224444
5071,105.75,59.25,2.875,-0.242222
5080,105.5,59.5,2.75,-0.242222
5089,105.125,59.875,2.5625,-0.257778
5099,104.875,60.125,2.4375,-0.274444
5109,104.5,60.5,2.25,-0.298889
5120,104.125,60.875,2.0625,-0.355556
5128,103.75,61.25,1.875,-0.336667
5137,103.375,61.625,1.6875,-0.303333
5147,103.125,61.875,1.5625,-0.306667
5168,102.75,62.25,1.375,-0.294444
5176,102.25,62.75,1.125,-0.225556
5185,102,63,1,-0.204444
5194,101.875,63.125,0.9375,-0.187778
5202,101.625,63.375,0.8125,-0.158889
5212,101.625,63.375,0.8125,-0.115556
5221,101.5,63.5,0.75,-0.102222
5230,101.375,63.625,0.6875,-0.102222
5238,101.375,63.625,0.6875,36.3067
5248,101.25,63.75,0.625,-0.0977778
5258,101.125,63.875,0.5625,-0.0866667
5269,101.125,63.875,0.5625,-0.0711111
5278,101,64,0.5,-0.0722222
5286,100.875,64.125,0.4375,-0.0933333
5295,100.75,64.25,0.375,-0.0911111
5304,100.75,64.25,0.375,-0.0977778
5313,100.75,64.25,0.375,-0.111111
5322,100.625,64.375,0.3125,-0.12
5331,100.5,64.5,0.25,-0.12
5340,100.375,64.625,0.1875,-0.132222
5350,100.125,64.875,0.0625,-0.144444
5361,100,65,0,-0.152222
5371,100,65,0,-0.164444
5380,99.75,65.25,-0.125,-0.17
5388,99.625,65.375,-0.1875,-0.171111
5397,99.375,65.625,-0.3125,-0.177778
5407,99.125,65.875,-0.4375,-0.175556
5416,99,66,-0.5,-0.188889
5424,98.75,66.25,-0.625,-0.192222
5433,98.75,66.25,-0.625,-0.2
5441,98.5,66.5,-0.75,-0.2
5451,98.375,66.625,-0.8125,-0.185556
5462,98.125,66.875,-0.9375,-0.166667
5472,98,67,-1,-0.195556
5481,97.75,67.25,-1.125,-0.166667
5490,97.5,67.5,-1.25,-0.175556
5501,97.375,67.625,-1.3125,-0.175556
5511,97.125,67.875,-1.4375,-0.16
5522,97,68,-1.5,-0.154444
5531,96.875,68.125,-1.5625,-0.131111
5539,96.75,68.25,-1.625,-0.145556
5548,96.625,68.375,-1.6875,-0.137778
5557,96.375,68.625,-1.8125,-0.126667
5566,96.25,68.75,-1.875,-0.125556
5574,96.125,68.875,-1.9375,-0.122222
5583,96.125,68.875,-1.9375,-0.122222
5591,96,69,-2,-0.11
5602,96,69,-2,-0.111111
5612,95.875,69.125,-2.0625,-0.117778
5623,95.625,69.375,-2.1875,-0.134444
5631,95.5,69.5,-2.25,-0.137778
5640,95.375,69.625,-2.3125,-0.133333
5648,95.25,69.75,-2.375,-0.125556
5657,95.125,69.875,-2.4375,-0.113333
5666,95,70,-2.5,-0.125556
5675,95,70,-2.5,-0.133333
5684,94.875,70.125,-2.5625,-0.133333
5694,94.625,70.375,-2.6875,-0.143333
5705,94.5,70.5,-2.75,-0.158889
5714,94.375,70.625,-2.8125,-0.153333
5724,94.125,70.875,-2.9375,-0.133333
5732,94,71,-3,-0.133333
5741,93.875,71.125,-3.0625,-0.145556
5751,93.75,71.25,-3.125,-0.157778
5762,93.5,71.5,-3.25,-0.135556
5773,93.5,71.5,-3.25,-0.104444
5781,93.375,71.625,-3.3125,-0.117778
5790,93.25,71.75,-3.375,-0.105556
5799,93.125,71.875,-3.4375,-0.113333
5809,93,72,-3.5,-0.122222
5817,92.875,72.125,-3.5625,-0.102222
5826,92.75,72.25,-3.625,-0.0977778
5834,92.75,72.25,-3.625,-0.0977778
5843,92.75,72.25,-3.625,-0.0655556
5853,92.625,72.375,-3.6875,-0.0711111
5863,92.5,72.5,-3.75,-0.0744444
5874,92.5,72.5,-3.75,-0.0777778
5882,92.375,72.625,-3.8125,-0.0844444
5891,92.25,72.75,-3.875,-0.103333
5901,92.125,72.875,-3.9375,-0.122222
5911,92,73,-4,-0.108889
5921,91.875,73.125,-4.0625,-0.0666667
5929,91.875,73.125,-4.0625,-0.0966667
5938,91.75,73.25,-4.125,-0.08
5946,91.625,73.375,-4.1875,-0.0822222
5955,91.625,73.375,-4.1875,-0.08
5965,91.625,73.375,-4.1875,-0.0755556
5975,91.5,73.5,-4.25,-0.0755556
5984,91.375,73.625,-4.3125,-0.0788889
5992,91.375,73.625,-4.3125,-0.0766667
6001,91.25,73.75,-4.375,-0.09
6012,91.125,73.875,-4.4375,-0.0955556
6024,91,74,-4.5,-0.0755556
6032,91,74,-4.5,-0.0544444
6041,90.875,74.125,-4.5625,-0.0644444
6051,90.875,74.125,-4.5625,-0.0666667
6061,90.75,74.25,-4.625,-0.0922222
6072,90.625,74.375,-4.6875,-0.126667
6080,90.5,74.5,-4.75,-0.141111
6089,90.375,74.625,-4.8125,-0.137778
6097,90.25,74.75,-4.875,-0.144444
6106,90.25,74.75,-4.875,-0.142222
6116,90,75,-5,-0.151111
6126,89.875,75.125,-5.0625,-0.151111
6134,89.75,75.25,-5.125,-0.176667
6143,100,65,0,0
6155,89.25,75.75,-5.375,-0.227778
6165,89,76,-5.5,-0.251111
6176,88.625,76.375,-5.6875,-0.294444
6185,88.25,76.75,-5.875,-0.371111
6193,87.75,77.25,-6.125,-0.363333
6204,87.25,77.75,-6.375,-0.452222
6215,86.5,78.5,-6.75,-0.671111
6225,85.75,79.25,-7.125,-0.703333
6234,85,80,-7.5,-0.681111
6242,84.25,80.75,-7.875,-0.595556
6253,83.625,81.375,-8.1875,-0.608889
6264,83,82,-8.5,-0.544444
6275,82.75,82.25,-8.625,-0.327778
6283,82.5,82.5,-8.75,-0.187778
6292,82.5,82.5,-8.75,-0.0544444
6301,82.5,82.5,-8.75,0.0788889
6311,82.75,82.25,-8.625,0.187778
6320,83.125,81.875,-8.4375,0.278889
6329,83.5,81.5,-8.25,0.382222
6337,83.5,81.5,-8.25,0.464444
6346,84,81,-8,0.464444
6356,84.625,80.375,-7.6875,0.528889
6367,85.25,79.75,-7.375,0.566667
6377,85.875,79.125,-7.0625,0.544444
6386,86.375,78.625,-6.8125,0.48
6394,86.875,78.125,-6.5625,0.411111
6405,87.125,77.875,-6.4375,0.323333
6416,87.375,77.625,-6.3125,0.24
6427,87.625,77.375,-6.1875,0.172222
6435,87.75,77.25,-6.125,0.12
6443,87.875,77.125,-6.0625,0.0633333
6455,87.875,77.125,-6.0625,0.01
6466,87.75,77.25,-6.125,-0.0388889
6477,87.75,77.25,-6.125,-0.0811111
6485,87.625,77.375,-6.1875,-0.0844444
6494,87.75,77.25,-6.125,-0.07
6503,88,77,-6,-0.0411111
6513,88.125,76.875,-5.9375,-0.0111111
6522,88.375,76.625,-5.8125,0.0166667
6531,88.375,76.625,-5.8125,0.0333333
6539,88.375,76.625,-5.8125,0.03
6548,88.375,76.625,-5.8125,0.03
6558,88.375,76.625,-5.8125,0.0222222
6568,88.375,76.625,-5.8125,0.01
6578,88.375,76.625,-5.8125,0.00888889
6587,88.5,76.5,-5.75,0.0244444
6599,88.5,76.5,-5.75,0.00777778
6608,88.5,76.5,-5.75,0.00777778
6618,88.5,76.5,-5.75,-0.00333333
6629,88.5,76.5,-5.75,-0.0344444
6637,88.5,76.5,-5.75,-0.0655556
6646,88.375,76.625,-5.8125,-0.0911111
6655,88.375,76.625,-5.8125,-0.107778
6665,88.25,76.75,-5.875,-0.114444
6675,88.125,76.875,-5.9375,-0.128889
6683,87.875,77.125,-6.0625,-0.172222
6692,87.625,77.375,-6.1875,-0.208889
6701,87.375,77.625,-6.3125,-0.233333
6710,87.375,77.625,-6.3125,-0.238889
6719,87.125,77.875,-6.4375,-0.236667
6729,86.875,78.125,-6.5625,-0.246667
6738,86.625,78.375,-6.6875,-0.246667
6746,86.375,78.625,-6.8125,-0.252222
6755,86.125,78.875,-6.9375,-0.242222
6765,85.875,79.125,-7.0625,-0.252222
6775,85.5,79.5,-7.25,-0.263333
6784,85.25,79.75,-7.375,-0.283333
6793,84.875,80.125,-7.5625,-0.304444
6807,84.5,80.5,-7.75,-0.328889
6818,84.125,80.875,-7.9375,-0.342222
6828,83.75,81.25,-8.125,-0.361111
6837,83.375,81.625,-8.3125,-0.364444
6845,83,82,-8.5,-0.364444
6856,82.5,82.5,-8.75,-0.363333
6867,82.125,82.875,-8.9375,-0.356667
6878,81.75,83.25,-9.125,-0.347778
6886,81.375,83.625,-9.3125,-0.336667
6895,81,84,-9.5,-0.337778
6903,80.625,84.375,-9.6875,-0.35
6912,80.125,84.875,-9.9375,-0.374444
6921,80.125,84.875,-9.9375,-0.387778
6930,79.75,85.25,-10.125,-0.395556
6939,79.25,85.75,-10.375,-0.395556
6947,78.75,86.25,-10.625,-0.394444
6956,78.375,86.625,-10.8125,-0.368889
6966,78,87,-11,-0.487778
6977,77.625,87.375,-11.1875,-0.337778
6985,77.125,87.875,-11.4375,-0.334444
6993,76.75,88.25,-11.625,-0.368889
7002,76.75,88.25,-11.625,-0.39
7011,76.25,88.75,-11.875,-0.406667
7021,75.75,89.25,-12.125,-0.384444
7031,75.375,89.625,-12.3125,-0.384444
7040,74.875,90.125,-12.5625,-0.341111
7049,74.625,90.375,-12.6875,-0.25
7060,74.375,90.625,-12.8125,-0.25
7070,74.125,90.875,-12.9375,-0.147778
7080,74,91,-13,-0.105556
7090,74,91,-13,-0.0455556
7098,74,91,-13,0.0155556
7109,74,91,-13,0.0455556
7120,74.125,90.875,-12.9375,0.0588889
7130,74.125,90.875,-12.9375,0.0588889
7139,74.125,90.875,-12.9375,0.0477778
7147,74.25,90.75,-12.875,0.0422222
7155,74.25,90.75,-12.875,0.06
7164,74.375,90.625,-12.8125,0.0777778
7173,74.375,90.625,-12.8125,0.0822222
7182,74.5,90.5,-12.75,0.09
7191,74.5,90.5,-12.75,0.09
7200,74.625,90.375,-12.6875,0.0877778
7210,74.75,90.25,-12.625,0.0677778
7221,74.75,90.25,-12.625,0.0455556
7231,74.75,90.25,-12.625,0.02
7240,74.75,90.25,-12.625,-0.00444444
7248,74.75,90.25,-12.625,-0.0322222
7257,74.75,90.25,-12.625,-0.0477778
7266,74.625,90.375,-12.6875,-0.0433333
7274,74.625,90.375,-12.6875,-0.05
7284,74.625,90.375,-12.6875,-0.0666667
7292,74.5,90.5,-12.75,-0.0666667
7302,74.5,90.5,-12.75,-0.0733333
7312,74.375,90.625,-12.8125,-0.0766667
7322,74.375,90.625,-12.8125,-0.0655556
7332,74.25,90.75,-12.875,-0.0477778
7340,74.25,90.75,-12.875,-0.0244444
7349,74.25,90.75,-12.875,-0.00666667
7358,74.25,90.75,-12.875,-0.00333333
7368,74.25,90.75,-12.875,-0.00888889
7377,74.25,90.75,-12.875,-0.02
7386,74.25,90.75,-12.875,-0.0344444
7394,74.25,90.75,-12.875,-0.05
7403,74.25,90.75,-12.875,-0.0477778
7413,74.125,90.875,-12.9375,-0.0488889
7423,74.125,90.875,-12.9375,-0.0488889
7433,74.125,90.875,-12.9375,-0.05
7442,74,91,-13,-0.0388889
7450,100,65,0,0
7459,74,91,-13,-0.0211111
7469,74,91,-13,-0.0177778
7480,74,91,-13,-0.0144444
7488,74,91,-13,0.0244444
7497,74.375,90.625,-12.8125,0.283333
7506,74.25,90.75,-12.875,-0.124444
7514,73.75,91.25,-13.125,-0.458889
7524,73.75,91.25,-13.125,-0.193333
7534,73.625,91.375,-13.1875,0.145556
7542,73.75,91.25,-13.125,0.145556
7551,74,91,-13,0.271111
7562,74.375,90.625,-12.8125,0.344444
7573,74.75,90.25,-12.625,0.338889
7583,75,90,-12.5,0.211111
7592,75,90,-12.5,0.0522222
7600,75,90,-12.5,-0.0388889
7612,75,90,-12.5,-0.0388889
7628,74.875,90.125,-12.5625,-0.0877778
7640,74.625,90.375,-12.6875,-0.142222
7650,74.5,90.5,-12.75,-0.158889
7661,74.25,90.75,-12.875,-0.146667
7672,74.125,90.875,-12.9375,-0.11
7683,74.125,90.875,-12.9375,-0.07
7692,74,91,-13,-0.06
7700,74,91,-13,-0.0677778
7711,74,91,-13,-0.0411111
7721,74,91,-13,0.00333333
7732,74,91,-13,0.05
7740,74.125,90.875,-12.9375,0.0888889
7749,74.25,90.75,-12.875,0.0833333
7758,74.25,90.75,-12.875,0.0111111
7766,74.25,90.75,-12.875,-0.0611111
7776,74.25,90.75,-12.875,-0.0822222
7785,74.125,90.875,-12.9375,-0.0911111
7794,74,91,-13,-0.0911111
7803,74,91,-13,-0.0855556
7814,73.875,91.125,-13.0625,-0.0811111
7825,73.875,91.125,-13.0625,-0.0544444
7835,73.875,91.125,-13.0625,-0.0133333
7844,73.875,91.125,-13.0625,0.0155556
7852,73.875,91.125,-13.0625,0.0322222
7863,74,91,-13,0.0577778
7874,74.125,90.875,-12.9375,0.0833333
7884,74.25,90.75,-12.875,0.125556
7893,74.5,90.5,-12.75,0.16
7901,74.625,90.375,-12.6875,0.176667
7912,74.875,90.125,-12.5625,0.147778
7923,75,90,-12.5,0.0711111
7934,75,90,-12.5,-0.0266667
7943,74.875,90.125,-12.5625,-0.0844444
7951,74.875,90.125,-12.5625,-0.101111
7962,74.75,90.25,-12.625,-0.0833333
7972,74.75,90.25,-12.625,-0.0433333
7983,74.75,90.25,-12.625,0.00444444
7992,74.75,90.25,-12.625,0.0433333
8000,74.875,90.125,-12.5625,0.0677778
8010,74.875,90.125,-12.5625,0.0744444
8019,75,90,-12.5,0.0622222
8028,75,90,-12.5,0.0533333
8037,75,90,-12.5,0.0555556
8046,75.125,89.875,-12.4375,0.0555556
8055,75.125,89.875,-12.4375,0.0666667
8065,75.25,89.75,-12.375,0.0788889
8076,75.375,89.625,-12.3125,0.0988889
8086,75.5,89.5,-12.25,0.128889
8094,75.625,89.375,-12.1875,0.16
8103,75.875,89.125,-12.0625,0.192222
8112,76.125,88.875,-11.9375,0.22
8121,76.375,88.625,-11.8125,0.232222
8130,76.625,88.375,-11.6875,0.242222
8138,76.875,88.125,-11.5625,0.26
8147,76.875,88.125,-11.5625,0.26
8156,77.25,87.75,-11.375,0.278889
8166,77.5,87.5,-11.25,0.29
8176,77.875,87.125,-11.0625,0.31
8187,78.25,86.75,-10.875,0.323333
8196,78.625,86.375,-10.6875,0.338889
8204,79,86,-10.5,0.335556
8215,79.375,85.625,-10.3125,0.34
8226,79.75,85.25,-10.125,0.377778
8237,80.25,84.75,-9.875,0.397778
8246,80.625,84.375,-9.6875,0.413333
8254,81.125,83.875,-9.4375,0.43
8265,81.625,83.375,-9.1875,0.438889
8276,82.125,82.875,-8.9375,0.447778
8287,82.625,82.375,-8.6875,0.428889
8295,83.125,81.875,-8.4375,0.395556
8303,83.5,81.5,-8.25,0.364444
8314,83.875,81.125,-8.0625,0.348889
8325,84.375,80.625,-7.8125,0.341111
8336,84.75,80.25,-7.625,0.328889
8345,85.125,79.875,-7.4375,0.322222
8353,85.5,79.5,-7.25,0.315556
8363,85.75,79.25,-7.125,0.285556
8373,86.125,78.875,-6.9375,0.255556
8383,86.375,78.625,-6.8125,0.232222
8391,86.625,78.375,-6.6875,0.213333
8400,86.625,78.375,-6.6875,0.2
8409,86.875,78.125,-6.5625,0.2
8418,87,78,-6.5,0.155556
8428,87.25,77.75,-6.375,0.155556
8438,87.375,77.625,-6.3125,0.14
8447,87.5,77.5,-6.25,0.135556
8455,87.625,77.375,-6.1875,0.131111
8464,87.75,77.25,-6.125,0.13
8474,88,77,-6,0.145556
8484,88.125,76.875,-5.9375,0.152222
8492,88.25,76.75,-5.875,0.162222
8501,88.5,76.5,-5.75,0.171111
8510,88.5,76.5,-5.75,0.177778
8519,88.625,76.375,-5.6875,0.185556
8529,88.875,76.125,-5.5625,0.185556
8539,89.125,75.875,-5.4375,0.194444
8548,89.25,75.75,-5.375,0.192222
8556,89.5,75.5,-5.25,0.207778
8565,89.75,75.25,-5.125,0.207778
8575,90,75,-5,0.208889
8586,90.25,74.75,-4.875,0.206667
8594,90.375,74.625,-4.8125,0.206667
8603,90.625,74.375,-4.6875,0.218889
8611,90.875,74.125,-4.5625,0.235556
8621,90.875,74.125,-4.5625,0.241111
8630,91.25,73.75,-4.375,0.228889
8641,91.5,73.5,-4.25,0.217778
8652,91.75,73.25,-4.125,0.204444
8663,92.125,72.875,-3.9375,0.192222
8672,92.375,72.625,-3.8125,0.164444
8680,92.375,72.625,-3.8125,0.144444
8690,92.5,72.5,-3.75,0.143333
8698,92.625,72.375,-3.6875,0.143333
8707,92.875,72.125,-3.5625,0.151111
8717,93,72,-3.5,0.143333
8728,93.125,71.875,-3.4375,0.14
8738,93.375,71.625,-3.3125,0.138889
8747,93.5,71.5,-3.25,0.15
8755,93.625,71.375,-3.1875,0.151111
8764,93.75,71.25,-3.125,0.137778
8772,94,71,-3,0.134444
8781,94,71,-3,0.137778
8791,94.125,70.875,-2.9375,0.141111
8800,94.25,70.75,-2.875,0.141111
8808,94.375,70.625,-2.8125,0.144444
8819,94.625,70.375,-2.6875,0.15
8829,94.75,70.25,-2.625,0.15
8840,94.875,70.125,-2.5625,0.153333
8848,95,70,-2.5,0.147778
8857,95.25,69.75,-2.375,0.146667
8865,95.375,69.625,-2.3125,0.141111
8874,95.5,69.5,-2.25,0.134444
8882,95.625,69.375,-2.1875,0.127778
8892,95.625,69.375,-2.1875,0.122222
8901,95.75,69.25,-2.125,0.122222
8909,95.875,69.125,-2.0625,0.124444
8919,96,69,-2,0.124444
8930,96.125,68.875,-1.9375,0.124444
8940,96.25,68.75,-1.875,0.13
8949,96.375,68.625,-1.8125,0.113333
8958,96.5,68.5,-1.75,0.114444
8967,96.625,68.375,-1.6875,0.106667
8977,96.75,68.25,-1.625,0.101111
8987,96.875,68.125,-1.5625,0.104444
8995,97,68,-1.5,0.115556
9004,97.125,67.875,-1.4375,0.116667
9012,97.125,67.875,-1.4375,0.126667
9022,97.25,67.75,-1.375,0.141111
9032,97.375,67.625,-1.3125,0.141111
9042,97.5,67.5,-1.25,0.154444
9050,97.625,67.375,-1.1875,0.156667
9059,97.875,67.125,-1.0625,0.155556
9068,98,67,-1,0.163333
9078,98.125,66.875,-0.9375,0.164444
9088,98.375,66.625,-0.8125,0.167778
9097,98.5,66.5,-0.75,0.174444
9105,98.75,66.25,-0.625,0.174444
9113,98.875,66.125,-0.5625,0.167778
9123,98.875,66.125,-0.5625,0.182222
9133,99.125,65.875,-0.4375,0.193333
9143,99.375,65.625,-0.3125,0.196667
9151,99.5,65.5,-0.25,0.196667
9160,99.75,65.25,-0.125,0.204444
9171,100,65,0,0.191111
9182,100,65,0,0.187778
9192,100.25,64.75,0.125,0.177778
9201,100.375,64.625,0.1875,0.165556
9209,100.625,64.375,0.3125,0.145556
9219,100.75,64.25,0.375,0.155556
9229,101,64,0.5,0.161111
9239,101.125,63.875,0.5625,0.161111
9247,101.375,63.625,0.6875,0.15
9255,101.5,63.5,0.75,0.147778
9264,101.75,63.25,0.875,0.153333
9274,101.75,63.25,0.875,0.168889
9283,101.875,63.125,0.9375,0.168889
9293,102.125,62.875,1.0625,0.168889
9302,102.25,62.75,1.125,0.161111
9310,102.5,62.5,1.25,0.18
9320,102.625,62.375,1.3125,0.161111
9330,102.75,62.25,1.375,0.172222
9341,103,62,1.5,0.187778
9349,103.25,61.75,1.625,0.178889
9358,103.375,61.625,1.6875,0.17
9366,103.625,61.375,1.8125,0.165556
9375,103.75,61.25,1.875,0.162222
9384,103.75,61.25,1.875,0.155556
9394,104,61,2,0.144444
9403,104.125,60.875,2.0625,0.144444
9412,104.25,60.75,2.125,0.14
9422,104.375,60.625,2.1875,0.122222
9433,104.5,60.5,2.25,0.0955556
9443,104.625,60.375,2.3125,0.0711111
9452,104.625,60.375,2.3125,0.0422222
9460,104.625,60.375,2.3125,0.0244444
9469,104.625,60.375,2.3125,0.00222222
9479,104.625,60.375,2.3125,-0.0133333
9488,104.625,60.375,2.3125,-0.03
9497,104.625,60.375,2.3125,-0.04
9505,104.625,60.375,2.3125,-0.0455556
9514,104.5,60.5,2.25,-0.0455556
9524,104.5,60.5,2.25,-0.0422222
9534,104.5,60.5,2.25,-0.0211111
9544,104.5,60.5,2.25,-0.00555556
9554,104.5,60.5,2.25,0.00777778
9566,104.5,60.5,2.25,0.0333333
9575,104.5,60.5,2.25,0.0533333
9585,104.5,60.5,2.25,0.0766667
9594,104.625,60.375,2.3125,0.0766667
9603,104.75,60.25,2.375,0.0866667
9612,104.875,60.125,2.4375,0.0877778
9621,105,60,2.5,0.101111
9631,105.125,59.875,2.5625,0.127778
9642,105.25,59.75,2.625,0.157778
9650,105.5,59.5,2.75,0.185556
9660,105.75,59.25,2.875,0.206667
9673,106,59,3,0.218889
9684,106.25,58.75,3.125,0.236667
9695,106.625,58.375,3.3125,0.254444
9703,106.875,58.125,3.4375,0.248889
9712,107.125,57.875,3.5625,0.237778
9720,107.375,57.625,3.6875,0.23
9730,107.625,57.375,3.8125,0.211111
9738,107.875,57.125,3.9375,0.211111
9747,108.125,56.875,4.0625,0.22
9756,108.125,56.875,4.0625,0.22
9766,108.375,56.625,4.1875,0.213333
9776,108.625,56.375,4.3125,0.184444
9786,108.875,56.125,4.4375,0.184444
9796,109,56,4.5,0.177778
9805,109.25,55.75,4.625,0.17
9813,109.375,55.625,4.6875,0.154444
9824,109.5,55.5,4.75,0.147778
9835,109.75,55.25,4.875,0.151111
9846,109.875,55.125,4.9375,0.157778
9855,110,55,5,0.171111
9863,110.25,54.75,5.125,0.184444
9873,110.5,54.5,5.25,0.193333
9883,110.625,54.375,5.3125,0.186667
9894,110.875,54.125,5.4375,0.178889
9903,111.125,53.875,5.5625,0.192222
9912,111.25,53.75,5.625,0.193333
9920,111.5,53.5,5.75,0.19
9929,111.625,53.375,5.8125,0.18
9938,111.625,53.375,5.8125,0.17
9947,111.875,53.125,5.9375,0.178889
9956,112.125,52.875,6.0625,0.178889
9965,112.25,52.75,6.125,0.176667
9975,112.5,52.5,6.25,0.158889
9986,112.625,52.375,6.3125,0.154444
9996,112.75,52.25,6.375,0.134444
10005,112.875,52.125,6.4375,0.132222
10013,113.125,51.875,6.5625,0.125556
10022,113.25,51.75,6.625,-36.2889
10031,113.375,51.625,6.6875,0.111111
10039,113.5,51.5,6.75,0.118889
10048,113.5,51.5,6.75,0.135556
10057,113.625,51.375,6.8125,0.135556
10066,113.75,51.25,6.875,0.125556
10076,100,65,0,0
10086,114,51,7,0.105556
10097,114.125,50.875,7.0625,0.0877778
10106,114.25,50.75,7.125,0.11
10115,114.375,50.625,7.1875,0.0788889
10126,114.375,50.625,7.1875,0.00111111
10136,114.375,50.625,7.1875,0.0333333
10147,114.75,50.25,7.375,0.317778
10156,114.875,50.125,7.4375,0.124444
10164,114.875,50.125,7.4375,-0.00555556
10175,114.75,50.25,7.375,-0.0844444
10187,114.75,50.25,7.375,-0.03
10197,114.75,50.25,7.375,0.00666667
10206,114.75,50.25,7.375,-0.01
10214,114.75,50.25,7.375,-0.05
10225,114.625,50.375,7.3125,-0.0811111
10235,114.5,50.5,7.25,-0.0877778
10246,114.375,50.625,7.1875,-0.0866667
10255,114.25,50.75,7.125,-0.0977778
10264,114.125,50.875,7.0625,-0.128889
10272,113.875,51.125,6.9375,-0.171111
10281,113.75,51.25,6.875,-0.197778
10289,113.5,51.5,6.75,-0.211111
10299,113.5,51.5,6.75,-0.221111
10308,113.25,51.75,6.625,-0.221111
10317,112.875,52.125,6.4375,-0.24
10327,112.625,52.375,6.3125,-0.257778
10338,112.375,52.625,6.1875,-0.257778
10348,112,53,6,-0.281111
10357,111.625,53.375,5.8125,-0.313333
10365,111.25,53.75,5.625,-0.326667
10375,110.875,54.125,5.4375,-0.34
10386,110.5,54.5,5.25,-0.338889
10396,110.125,54.875,5.0625,-0.34
10405,109.75,55.25,4.875,-0.368889
10413,109.25,55.75,4.625,-0.38
10421,108.875,56.125,4.4375,-0.381111
10430,108.875,56.125,4.4375,-0.388889
10440,108.375,56.625,4.1875,-0.403333
10449,108,57,4,-0.424444
10458,107.5,57.5,3.75,-0.424444
10466,107,58,3.5,-0.412222
10476,106.5,58.5,3.25,-0.411111
10487,106,59,3,-0.398889
10499,105.625,59.375,2.8125,-0.377778
10508,105.125,59.875,2.5625,-0.367778
10516,104.75,60.25,2.375,-0.342222
10527,104.375,60.625,2.1875,-0.333333
10538,104,61,2,-0.342222
10549,103.625,61.375,1.8125,-0.338889
10557,103.25,61.75,1.625,-0.335556
10565,102.875,62.125,1.4375,-0.324444
10575,102.5,62.5,1.25,-0.311111
10589,102.125,62.875,1.0625,-0.297778
10599,101.875,63.125,0.9375,-0.284444
10608,101.5,63.5,0.75,-0.285556
10616,101.25,63.75,0.625,-0.282222
10625,100.875,64.125,0.4375,-0.283333
10634,100.625,64.375,0.3125,-0.306667
10643,100.25,64.75,0.125,-0.317778
10652,100.25,64.75,0.125,-0.308889
10660,100,65,0,-0.324444
10669,99.625,65.375,-0.1875,-0.324444
10679,99.25,65.75,-0.375,-0.324444
10695,98.875,66.125,-0.5625,-0.336667
10704,98.125,66.875,-0.9375,-0.34
10712,97.75,67.25,-1.125,-0.344444
10721,97.75,67.25,-1.125,-0.33
10731,97.375,67.625,-1.3125,-0.348889
10741,97,68,-1.5,-0.35
10751,96.625,68.375,-1.6875,-0.35
10760,96.125,68.875,-1.9375,-0.365556
10768,95.75,69.25,-2.125,-0.363333
10777,95.375,69.625,-2.3125,-0.376667
10787,94.875,70.125,-2.5625,-0.361111
10798,94.5,70.5,-2.75,-0.378889
10806,94.125,70.875,-2.9375,-0.383333
10815,93.625,71.375,-3.1875,-0.366667
10823,93.25,71.75,-3.375,-0.364444
10832,93.25,71.75,-3.375,-0.347778
10842,92.875,72.125,-3.5625,-0.335556
10852,92.5,72.5,-3.75,-0.316667
10860,92.25,72.75,-3.875,-0.316667
10869,91.875,73.125,-4.0625,-0.305556
10878,91.5,73.5,-4.25,-0.292222
10889,91.25,73.75,-4.375,-0.284444
10900,90.875,74.125,-4.5625,-0.255556
10908,90.625,74.375,-4.6875,-0.236667
10917,90.375,74.625,-4.8125,-0.217778
10925,90.25,74.75,-4.875,-0.201111
10934,90,75,-5,-0.197778
10943,90,75,-5,-0.19
10953,89.75,75.25,-5.125,-0.197778
10961,89.5,75.5,-5.25,-0.197778
10970,89.375,75.625,-5.3125,-0.201111
10980,89.125,75.875,-5.4375,-0.192222
10991,88.875,76.125,-5.5625,-0.207778
11001,88.625,76.375,-5.6875,-0.215556
11010,88.375,76.625,-5.8125,-0.223333
11018,88.125,76.875,-5.9375,-0.265556
11027,87.875,77.125,-6.0625,-0.271111
11037,87.5,77.5,-6.25,-0.282222
11045,87.25,77.75,-6.375,-0.308889
11054,86.875,78.125,-6.5625,-0.313333
11062,86.875,78.125,-6.5625,-0.323333
11072,86.5,78.5,-6.75,-0.323333
11082,86.125,78.875,-6.9375,-0.327778
11092,85.75,79.25,-7.125,-0.334444
11102,85.375,79.625,-7.3125,-0.341111
11111,85,80,-7.5,-0.333333
11120,84.625,80.375,-7.6875,-0.333333
11129,84.25,80.75,-7.875,-0.326667
11139,83.875,81.125,-8.0625,-0.318889
11150,83.5,81.5,-8.25,-0.321111
11158,83.25,81.75,-8.375,-0.315556
11167,82.875,82.125,-8.5625,-0.304444
11175,82.5,82.5,-8.75,-0.304444
11184,82.5,82.5,-8.75,-0.306667
11194,82.25,82.75,-8.875,-0.32
11204,81.875,83.125,-9.0625,-0.3
11212,81.5,83.5,-9.25,-0.3
11221,81.25,83.75,-9.375,-0.285556
11230,80.875,84.125,-9.5625,-0.284444
11241,80.625,84.375,-9.6875,-0.272222
11252,80.25,84.75,-9.875,-0.262222
11260,80,85,-10,-0.248889
11269,79.75,85.25,-10.125,-0.237778
11277,79.5,85.5,-10.25,-0.238889
11286,79.25,85.75,-10.375,-0.231111
11295,79.25,85.75,-10.375,-0.215556
11304,79,86,-10.5,-0.234444
11313,78.75,86.25,-10.625,-0.234444
11321,78.5,86.5,-10.75,-0.224444
11331,78.25,86.75,-10.875,-0.223333
11342,78.125,86.875,-10.9375,-0.212222
11353,77.875,87.125,-11.0625,-0.213333
11362,77.625,87.375,-11.1875,-0.243333
11370,77.375,87.625,-11.3125,-0.254444
11379,77,88,-11.5,-0.257778
11387,76.75,88.25,-11.625,-0.252222
11396,76.5,88.5,-11.75,-0.248889
11405,76.5,88.5,-11.75,-0.274444
11414,76.25,88.75,-11.875,-0.274444
11422,75.875,89.125,-12.0625,-0.277778
11433,75.625,89.375,-12.1875,-0.263333
11443,75.375,89.625,-12.3125,-0.262222
11454,75.125,89.875,-12.4375,-0.265556
11463,74.75,90.25,-12.625,-0.257778
11471,74.5,90.5,-12.75,-0.258889
11480,74.25,90.75,-12.875,-0.261111
11490,74,91,-13,-0.256667
11499,73.75,91.25,-13.125,-0.254444
11507,73.5,91.5,-13.25,-0.241111
11516,73.5,91.5,-13.25,-0.217778
11524,73.25,91.75,-13.375,-0.217778
11535,73,92,-13.5,-0.215556
11545,72.75,92.25,-13.625,-0.216667
11555,72.5,92.5,-13.75,-0.208889
11564,72.375,92.625,-13.8125,-0.201111
11572,72.125,92.875,-13.9375,-0.208889
11583,71.875,93.125,-14.0625,-0.254444
11594,71.625,93.375,-14.1875,-0.262222
11605,71.375,93.625,-14.3125,-0.237778
11614,71.125,93.875,-14.4375,-0.211111
11622,70.875,94.125,-14.5625,-0.225556
11633,70.625,94.375,-14.6875,-0.221111
11644,70.375,94.625,-14.8125,-0.222222
11655,70.125,94.875,-14.9375,-0.226667
11664,69.875,95.125,-15.0625,-0.237778
11673,69.625,95.375,-15.1875,-0.255556
11683,69.375,95.625,-15.3125,-0.251111
11694,69.125,95.875,-15.4375,-0.241111
11705,68.875,96.125,-15.5625,-0.263333
11717,68.625,96.375,-15.6875,-0.278889
11726,68.25,96.75,-15.875,-0.278889
11736,68,97,-16,-0.288889
11746,67.625,97.375,-16.1875,-0.275556
11756,67.375,97.625,-16.3125,-0.276667
11765,67,98,-16.5,-0.274444
11773,66.75,98.25,-16.625,-0.277778
11782,66.5,98.5,-16.75,-0.266667
11792,66.25,98.75,-16.875,-0.241111
11802,65.875,99.125,-17.0625,-0.251111
11811,65.625,99.375,-17.1875,-0.243333
11820,65.375,99.625,-17.3125,-0.242222
11828,65.125,99.875,-17.4375,-0.22
11837,65.125,99.875,-17.4375,-0.21
11847,65,100,-17.5,-0.23
11857,64.75,100.25,-17.625,-0.23
11866,64.5,100.5,-17.75,-0.23
11874,64.25,100.75,-17.875,-0.194444
11884,64.125,100.875,-17.9375,-0.197778
11894,63.875,101.125,-18.0625,-0.214444
11904,63.625,101.375,-18.1875,-0.176667
11913,63.5,101.5,-18.25,-0.156667
11921,63.25,101.75,-18.375,-0.191111
11930,63.125,101.875,-18.4375,-0.175556
11939,62.875,102.125,-18.5625,-0.174444
11948,62.875,102.125,-18.5625,-0.166667
11958,62.75,102.25,-18.625,-0.166667
11966,62.625,102.375,-18.6875,-0.152222
11975,62.375,102.625,-18.8125,-0.178889
11984,62.25,102.75,-18.875,-0.174444
11994,62,103,-19,-0.177778
12004,61.875,103.125,-19.0625,-0.176667
12012,61.625,103.375,-19.1875,-0.174444
12021,61.375,103.625,-19.3125,-0.186667
12029,61.375,103.625,-19.3125,-0.182222
12039,61.25,103.75,-19.375,-0.17
12048,61.125,103.875,-19.4375,-0.168889
12058,60.875,104.125,-19.5625,-0.192222
12067,60.75,104.25,-19.625,-0.192222
12076,60.5,104.5,-19.75,-0.203333
12086,60.25,104.75,-19.875,-0.195556
12097,60.125,104.875,-19.9375,-0.188889
12108,59.875,105.125,-20.0625,-0.222222
12116,59.625,105.375,-20.1875,-0.24
12125,59.25,105.75,-20.375,-0.238889
12134,59,106,-20.5,-0.231111
12143,58.75,106.25,-20.625,-0.236667
12152,58.5,106.5,-20.75,-0.24
12160,58.25,106.75,-20.875,-0.235556
12169,58.25,106.75,-20.875,-0.225556
12178,58,107,-21,-0.225556
12188,57.75,107.25,-21.125,-0.231111
12198,57.5,107.5,-21.25,-0.24
12209,57.375,107.625,-21.3125,-0.21
12217,57.125,107.875,-21.4375,-0.206667
12226,56.875,108.125,-21.5625,-0.228889
12235,56.625,108.375,-21.6875,-0.216667
12245,56.375,108.625,-21.8125,-0.201111
12255,56.25,108.75,-21.875,-0.215556
12264,56,109,-22,-0.202222
12272,55.875,109.125,-22.0625,-0.185556
12281,55.625,109.375,-22.1875,-0.168889
12290,55.625,109.375,-22.1875,-0.188889
12300,55.5,109.5,-22.25,-0.188889
12310,55.25,109.75,-22.375,-0.19
12318,55,110,-22.5,-0.19
12327,54.875,110.125,-22.5625,-0.194444
12337,54.625,110.375,-22.6875,-0.185556
12348,54.375,110.625,-22.8125,-0.21
12359,54.125,110.875,-22.9375,-0.23
12368,53.875,111.125,-23.0625,-0.224444
12376,53.625,111.375,-23.1875,-0.233333
12384,53.375,111.625,-23.3125,-0.243333
12394,53.125,111.875,-23.4375,-0.241111
12402,52.875,112.125,-23.5625,-0.26
12411,52.875,112.125,-23.5625,-0.281111
12420,52.5,112.5,-23.75,-0.304444
12429,52.25,112.75,-23.875,-0.304444
12439,51.875,113.125,-24.0625,-0.333333
12449,51.5,113.5,-24.25,-0.312222
12460,51.125,113.875,-24.4375,-0.314444
12469,50.875,114.125,-24.5625,-0.308889
12477,50.5,114.5,-24.75,-0.305556
12486,50.25,114.75,-24.875,-0.271111
12496,49.875,115.125,-25.0625,-0.284444
12506,49.625,115.375,-25.1875,-0.27
12515,49.375,115.625,-25.3125,-0.244444
12523,49,116,-25.5,-0.271111
12532,48.75,116.25,-25.625,-0.283333
12541,48.75,116.25,-25.625,-0.27
12551,48.375,116.625,-25.8125,-0.186667
12561,48.25,116.75,-25.875,-0.186667
12569,47.75,117.25,-26.125,-0.443333
12578,47.125,117.875,-26.4375,-0.495556
12589,46.75,118.25,-26.625,-0.355556
12600,46.5,118.5,-26.75,-0.226667
12610,46.25,118.75,-26.875,-0.276667
12619,45.875,119.125,-27.0625,-0.404444
12631,45.5,119.5,-27.25,-0.351111
12641,45,120,-27.5,-0.371111
12651,44.625,120.375,-27.6875,-0.344444
12661,44.25,120.75,-27.875,-0.378889
12670,43.875,121.125,-28.0625,-0.368889
12679,43.5,121.5,-28.25,-0.362222
12689,43.125,121.875,-28.4375,-0.358889
12700,42.625,122.375,-28.6875,-0.373333
12711,42.25,122.75,-28.875,-0.397778
12720,41.875,123.125,-29.0625,-0.397778
12728,41.375,123.625,-29.3125,-0.391111
12738,41,124,-29.5,-0.398889
12749,40.5,124.5,-29.75,-0.402222
12759,40.125,124.875,-29.9375,-0.374444
12767,39.75,125.25,-30.125,-0.374444
12776,39.375,125.625,-30.3125,-0.33
12784,39.125,125.875,-30.4375,-0.324444
12793,39.125,125.875,-30.4375,-0.33
12802,38.75,126.25,-30.625,-0.288889
12812,38.5,126.5,-30.75,-0.25
12821,38.25,126.75,-30.875,-0.25
12829,38,127,-31,-0.27
12840,37.75,127.25,-31.125,-0.257778
12851,37.5,127.5,-31.25,-0.237778
12862,37.25,127.75,-31.375,-0.232222
12870,37,128,-31.5,-0.22
12878,36.75,128.25,-31.625,-0.227778
12887,36.5,128.5,-31.75,-0.218889
12895,36.25,128.75,-31.875,-0.218889
12904,36,129,-32,-0.217778
12913,36,129,-32,-0.215556
12922,35.75,129.25,-32.125,-0.215556
12931,35.5,129.5,-32.25,-0.211111
12940,35.375,129.625,-32.3125,-0.198889
12952,35.125,129.875,-32.4375,-0.202222
12962,34.875,130.125,-32.5625,-0.207778
12971,34.625,130.375,-32.6875,-0.198889
12980,34.375,130.625,-32.8125,-0.205556
12989,34.25,130.75,-32.875,-0.204444
12999,34,131,-33,-0.206667
13009,33.75,131.25,-33.125,-0.204444
13018,33.5,131.5,-33.25,-0.21
13026,33.25,131.75,-33.375,-0.2
13035,33.25,131.75,-33.375,-0.185556
13044,33.125,131.875,-33.4375,-0.173333
13054,32.875,132.125,-33.5625,-0.171111
13064,32.625,132.375,-33.6875,-0.163333
13072,32.5,132.5,-33.75,-0.163333
13081,32.25,132.75,-33.875,-0.161111
13090,32.125,132.875,-33.9375,-0.191111
13100,31.875,133.125,-34.0625,-0.18
13110,31.625,133.375,-34.1875,-0.202222
13119,31.375,133.625,-34.3125,-0.2
13127,31.25,133.75,-34.375,-0.206667
13135,31,134,-34.5,-0.186667
13150,31,134,-34.5,-0.197778
13167,30.625,134.375,-34.6875,-0.151111
13175,30.375,134.625,-34.8125,-0.0755556
13184,30.375,134.625,-34.8125,-0.0577778
13195,30.375,134.625,-34.8125,-0.0577778
13204,30.25,134.75,-34.875,-0.0166667
13214,30.25,134.75,-34.875,-0.0166667
13223,30.25,134.75,-34.875,0.00555556
13232,30.375,134.625,-34.8125,0.0188889
13241,30.375,134.625,-34.8125,0.0288889
13255,30.5,134.5,-34.75,0.0422222
13264,30.5,134.5,-34.75,0.0511111
13273,30.5,134.5,-34.75,0.0511111
13282,30.625,134.375,-34.6875,0.0722222
13292,30.75,134.25,-34.625,0.11
13302,31,134,-34.5,0.165556
13313,31.125,133.875,-34.4375,0.202222
13322,31.375,133.625,-34.3125,0.235556
13330,31.75,133.25,-34.125,0.281111
13339,32.125,132.875,-33.9375,0.325556
13348,32.5,132.5,-33.75,0.381111
13356,33.125,131.875,-33.4375,0.432222
13366,33.125,131.875,-33.4375,0.486667
13374,33.625,131.375,-33.1875,0.486667
13383,34.25,130.75,-32.875,0.545556
13394,34.875,130.125,-32.5625,0.602222
13405,35.625,129.375,-32.1875,0.648889
13415,36.375,128.625,-31.8125,0.694444
13424,37.125,127.875,-31.4375,0.711111
13433,38,127,-31,0.725556
13442,38.75,126.25,-30.625,0.742222
13453,39.625,125.375,-30.1875,0.757778
13464,40.375,124.625,-29.8125,0.766667
13472,41.25,123.75,-29.375,0.777778
13481,42.125,122.875,-28.9375,0.798889
13489,43,122,-28.5,0.786667
13498,43.75,121.25,-28.125,0.771111
13507,43.75,121.25,-28.125,0.754444
13517,44.625,120.375,-27.6875,0.738889
13526,45.375,119.625,-27.3125,0.738889
13534,46.125,118.875,-26.9375,0.708889
13545,46.875,118.125,-26.5625,0.686667
13555,47.625,117.375,-26.1875,0.663333
13566,48.25,116.75,-25.875,0.643333
13575,49,116,-25.5,0.613333
13583,100,65,0,0
13592,50.125,114.875,-24.9375,0.573333
13602,50.75,114.25,-24.625,0.544444
13612,51.25,113.75,-24.375,0.524444
13620,51.875,113.125,-24.0625,0.556667
13629,53,112,-23.5,1.06778
13638,53,112,-23.5,0.68
13647,53.875,111.125,-23.0625,0.15
13657,54,111,-23,0.566667
13667,54.625,110.375,-22.6875,0.577778
13675,55.25,109.75,-22.375,0.577778
13684,55.75,109.25,-22.125,0.513333
13695,56.375,108.625,-21.8125,0.466667
13705,56.75,108.25,-21.625,0.44
13716,57.375,107.625,-21.3125,0.466667
13725,57.75,107.25,-21.125,0.424444
13734,58.25,106.75,-20.875,0.401111
13745,58.625,106.375,-20.6875,0.378889
13759,59,106,-20.5,0.361111
13768,59.375,105.625,-20.3125,0.347778
13777,59.75,105.25,-20.125,0.347778
13786,60.125,104.875,-19.9375,0.348889
13796,60.625,104.375,-19.6875,0.351111
13807,61,104,-19.5,0.34
13817,61.25,103.75,-19.375,0.323333
13826,61.625,103.375,-19.1875,0.323333
13835,62,103,-19,0.312222
13845,62.375,102.625,-18.8125,0.304444
13857,62.75,102.25,-18.625,0.305556
13867,63,102,-18.5,0.318889
13876,63.375,101.625,-18.3125,0.308889
13885,63.75,101.25,-18.125,0.294444
13894,64,101,-18,0.291111
13904,64.375,100.625,-17.8125,0.296667
13915,64.75,100.25,-17.625,0.284444
13923,65,100,-17.5,0.293333
13932,65.375,99.625,-17.3125,0.3
13940,65.75,99.25,-17.125,0.298889
13950,66,99,-17,0.303333
13959,66,99,-17,0.316667
13969,66.375,98.625,-16.8125,0.315556
13977,66.75,98.25,-16.625,0.315556
13985,67.125,97.875,-16.4375,0.325556
13995,67.5,97.5,-16.25,0.342222
14005,67.875,97.125,-16.0625,0.345556
14015,68.25,96.75,-15.875,0.341111
14023,68.625,96.375,-15.6875,0.357778
14032,69,96,-15.5,0.357778
14040,69.375,95.625,-15.3125,0.343333
14049,100,65,0,0
14059,69.75,95.25,-15.125,0.347778
14069,70.25,94.75,-14.875,0.347778
14077,70.625,94.375,-14.6875,0.334444
14086,70.875,94.125,-14.5625,0.331111
14097,71.375,93.625,-14.3125,0.407778
14108,72.375,92.625,-13.8125,0.916667
14118,73.125,91.875,-13.4375,0.606667
14127,73.5,91.5,-13.25,0.365556
14136,74,91,-13,0.507778
14147,74.75,90.25,-12.625,0.591111
14158,74.875,90.125,-12.5625,0.175556
14176,74.5,90.5,-12.75,-0.325556
14186,75.25,89.75,-12.375,0.363333
14198,75.5,89.5,-12.25,0.212222
14208,75.625,89.375,-12.1875,0.192222
14219,75.875,89.125,-12.0625,0.207778
14227,76.25,88.75,-11.875,0.246667
14236,76.5,88.5,-11.75,0.258889
14246,76.75,88.25,-11.625,0.293333
14258,77.125,87.875,-11.4375,0.315556
14272,77.5,87.5,-11.25,0.333333
14280,77.875,87.125,-11.0625,0.337778
14289,78.25,86.75,-10.875,0.337778
14300,78.625,86.375,-10.6875,0.326667
14310,79,86,-10.5,0.312222
14320,79.25,85.75,-10.375,0.295556
14328,79.625,85.375,-10.1875,0.283333
14337,79.875,85.125,-10.0625,0.271111
14347,80.25,84.75,-9.875,0.26
14357,80.5,84.5,-9.75,0.261111
14367,80.75,84.25,-9.625,0.252222
14376,81,84,-9.5,0.236667
14384,81.25,83.75,-9.375,0.233333
14392,81.5,83.5,-9.25,0.23
14401,81.5,83.5,-9.25,0.233333
14411,81.875,83.125,-9.0625,0.228889
14421,82.125,82.875,-8.9375,0.231111
14429,82.375,82.625,-8.8125,0.231111
14438,82.625,82.375,-8.6875,0.237778
14448,82.875,82.125,-8.5625,0.243333
14459,83.125,81.875,-8.4375,0.241111
14470,83.375,81.625,-8.3125,0.237778
14478,83.625,81.375,-8.1875,0.228889
14487,83.875,81.125,-8.0625,0.242222
14495,84.25,80.75,-7.875,0.245556
14504,84.5,80.5,-7.75,0.255556
14512,84.75,80.25,-7.625,0.254444
14522,84.75,80.25,-7.625,0.258889
14530,85,80,-7.5,0.258889
14539,85.375,79.625,-7.3125,0.262222
14549,85.625,79.375,-7.1875,0.265556
14560,85.875,79.125,-7.0625,0.263333
14570,86.25,78.75,-6.875,0.254444
14579,86.5,78.5,-6.75,0.251111
14587,86.75,78.25,-6.625,0.245556
14596,87,78,-6.5,0.243333
14605,87.25,77.75,-6.375,0.24
14614,100,65,0,0
14623,87.75,77.25,-6.125,0.25
14632,87.75,77.25,-6.125,0.235556
14640,88.125,76.875,-5.9375,0.235556
14651,88.375,76.625,-5.8125,0.235556
14661,88.625,76.375,-5.6875,0.237778
14671,89,76,-5.5,0.378889
14680,89.25,75.75,-5.375,0.222222
14688,89.5,75.5,-5.25,0.208889
14699,89.75,75.25,-5.125,0.215556
14711,90,75,-5,0.223333
14721,90.25,74.75,-4.875,0.305556
14730,90.625,74.375,-4.6875,0.23
14738,90.75,74.25,-4.625,0.203333
14749,91,74,-4.5,0.208889
14760,91.25,73.75,-4.375,0.216667
14771,91.5,73.5,-4.25,0.227778
14782,91.75,73.25,-4.125,0.233333
14791,92,73,-4,0.251111
14801,92.375,72.625,-3.8125,0.274444
14812,92.625,72.375,-3.6875,0.282222
14822,93,72,-3.5,0.291111
14831,93.25,71.75,-3.375,0.291111
14839,93.625,71.375,-3.1875,0.297778
14849,94,71,-3,0.307778
14859,94.375,70.625,-2.8125,0.311111
14869,94.625,70.375,-2.6875,0.324444
14878,95.125,69.875,-2.4375,0.342222
14886,95.375,69.625,-2.3125,0.335556
14894,95.75,69.25,-2.125,0.332222
14904,95.75,69.25,-2.125,0.338889
14914,96.125,68.875,-1.9375,0.324444
14924,96.5,68.5,-1.75,0.313333
14932,96.875,68.125,-1.5625,0.313333
14941,97.25,67.75,-1.375,0.327778
14951,97.625,67.375,-1.1875,0.321111
14962,97.875,67.125,-1.0625,0.306667
14973,98.25,66.75,-0.875,0.3
14981,98.625,66.375,-0.6875,0.308889
14990,99,66,-0.5,0.327778
14998,99.375,65.625,-0.3125,0.345556
15007,99.75,65.25,-0.125,0.358889
15016,100,65,0,0.376667
15025,100,65,0,0.396667
15034,100.375,64.625,0.1875,-36.0122
15042,100.875,64.125,0.4375,0.404444
15053,101.375,63.625,0.6875,0.426667
15063,101.875,63.125,0.9375,0.435556
15074,102.375,62.625,1.1875,0.453333
15082,102.75,62.25,1.375,0.447778
15091,103.25,61.75,1.625,0.432222
15099,103.75,61.25,1.875,0.412222
15109,104.125,60.875,2.0625,0.403333
15117,104.625,60.375,2.3125,0.39
15126,105,60,2.5,0.375556
15134,105,60,2.5,0.375556
15143,105.375,59.625,2.6875,0.351111
15153,105.75,59.25,2.875,0.327778
15163,106.125,58.875,3.0625,0.296667
15174,106.375,58.625,3.1875,0.264444
15183,106.625,58.375,3.3125,0.228889
15191,106.875,58.125,3.4375,0.211111
15199,107.125,57.875,3.5625,0.193333
15209,107.25,57.75,3.625,0.175556
15217,107.5,57.5,3.75,0.163333
15226,107.5,57.5,3.75,0.144444
15235,107.625,57.375,3.8125,0.122222
15244,107.75,57.25,3.875,0.122222
15253,107.875,57.125,3.9375,0.117778
15264,108,57,4,0.104444
15275,108.125,56.875,4.0625,0.117778
15283,108.25,56.75,4.125,0.115556
15292,108.375,56.625,4.1875,0.107778
15301,108.5,56.5,4.25,0.11
15312,108.625,56.375,4.3125,0.101111
15323,108.75,56.25,4.375,0.0866667
15332,108.75,56.25,4.375,0.0733333
15340,108.875,56.125,4.4375,0.06
15349,108.875,56.125,4.4375,0.0633333
15358,109,56,4.5,0.0522222
15367,109,56,4.5,0.0377778
15376,109,56,4.5,0.0111111
15385,109,56,4.5,0.0111111
15393,109,56,4.5,-0.00222222
15404,109,56,4.5,-0.0111111
15415,109,56,4.5,-0.0344444
15425,108.875,56.125,4.4375,-0.0511111
15434,108.875,56.125,4.4375,-0.0488889
15442,108.75,56.25,4.375,-0.0911111
15452,108.625,56.375,4.3125,-0.126667
15462,108.5,56.5,4.25,-0.157778
15472,108.25,56.75,4.125,-0.194444
15480,108,57,4,-0.226667
15489,107.75,57.25,3.875,-0.261111
15499,107.375,57.625,3.6875,-0.286667
15508,107.375,57.625,3.6875,-0.293333
15517,107.125,57.875,3.5625,-0.301111
15527,106.75,58.25,3.375,-0.323333
15536,106.375,58.625,3.1875,-0.323333
15545,106,59,3,-0.325556
15555,105.75,59.25,2.875,-0.325556
15566,105.375,59.625,2.6875,-0.325556
15577,105,60,2.5,-0.323333
15585,104.625,60.375,2.3125,-0.323333
15594,104.25,60.75,2.125,-0.322222
15604,103.875,61.125,1.9375,-0.316667
15615,103.625,61.375,1.8125,-0.307778
15626,103.25,61.75,1.625,-0.298889
15634,103,62,1.5,-0.285556
15643,102.625,62.375,1.3125,-0.274444
15652,102.375,62.625,1.1875,-0.26
15662,102.125,62.875,1.0625,-0.255556
15671,101.875,63.125,0.9375,-0.246667
15680,101.5,63.5,0.75,-0.254444
15689,101.5,63.5,0.75,-0.252222
15697,101.25,63.75,0.625,-0.252222
15707,101,64,0.5,-0.261111
15717,100.625,64.375,0.3125,-0.274444
15727,100.375,64.625,0.1875,-0.281111
15736,100,65,0,-0.298889
15744,99.875,65.125,-0.0625,-0.3
15755,99.5,65.5,-0.25,-0.302222
15766,99.125,65.875,-0.4375,-0.314444
15777,98.875,66.125,-0.5625,-0.315556
15786,98.5,66.5,-0.75,-0.318889
15794,98.125,66.875,-0.9375,-0.315556
15808,97.75,67.25,-1.125,-0.316667
15818,97.375,67.625,-1.3125,-0.314444
15828,97.125,67.875,-1.4375,-0.306667
15836,96.75,68.25,-1.625,-0.298889
15845,96.5,68.5,-1.75,-0.287778
15855,96.125,68.875,-1.9375,-0.297778
15865,95.875,69.125,-2.0625,-0.277778
15876,95.5,69.5,-2.25,-0.284444
15885,95.25,69.75,-2.375,-0.288889
15894,94.875,70.125,-2.5625,-0.288889
15902,94.625,70.375,-2.6875,-0.271111
15912,94.25,70.75,-2.875,-0.276667
15920,94,71,-3,-0.28
15930,94,71,-3,-0.278889
15938,93.625,71.375,-3.1875,-0.295556
15947,93.375,71.625,-3.3125,-0.295556
15957,93,72,-3.5,-0.308889
15968,92.625,72.375,-3.6875,-0.305556
15978,92.375,72.625,-3.8125,-0.305556
15987,92,73,-4,-0.3
15996,91.625,73.375,-4.1875,-0.314444
16006,91.25,73.75,-4.375,-0.321111
16017,91,74,-4.5,-0.31
16028,90.625,74.375,-4.6875,-0.327778
16036,90.25,74.75,-4.875,-0.338889
16045,89.875,75.125,-5.0625,-0.326667
16054,89.5,75.5,-5.25,-0.321111
16064,89.125,75.875,-5.4375,-0.344444
16073,88.75,76.25,-5.625,-0.354444
16081,88.375,76.625,-5.8125,-0.338889
16090,88.375,76.625,-5.8125,-0.343333
16099,88,77,-6,-0.343333
16109,87.625,77.375,-6.1875,-0.338889
16120,87.25,77.75,-6.375,-0.343333
16130,86.875,78.125,-6.5625,-0.357778
16138,86.5,78.5,-6.75,-0.37
16147,86,79,-7,-0.394444
16157,85.625,79.375,-7.1875,-0.383333
16168,85.125,79.875,-7.4375,-0.395556
16179,84.75,80.25,-7.625,-0.407778
16188,84.25,80.75,-7.875,-0.41
16196,83.75,81.25,-8.125,-0.414444
16207,83.375,81.625,-8.3125,-0.415556
16218,82.875,82.125,-8.5625,-0.406667
16229,82.5,82.5,-8.75,-0.402222
16238,82,83,-9,-0.4
16246,81.625,83.375,-9.1875,-0.387778
16256,81.25,83.75,-9.375,-0.377778
16266,80.75,84.25,-9.625,-0.361111
16276,80.375,84.625,-9.8125,-0.351111
16284,80,85,-10,-0.333333
16293,79.75,85.25,-10.125,-0.332222
16302,79.75,85.25,-10.125,-0.324444
16311,79.375,85.625,-10.3125,-0.32
16321,79,86,-10.5,-0.304444
16331,78.625,86.375,-10.6875,-0.298889
16340,78.375,86.625,-10.8125,-0.298889
16348,78,87,-11,-0.297778
16359,77.75,87.25,-11.125,-0.288889
16370,77.375,87.625,-11.3125,-0.274444
16380,77.125,87.875,-11.4375,-0.257778
16389,76.875,88.125,-11.5625,-0.256667
16398,76.625,88.375,-11.6875,-0.241111
16408,76.375,88.625,-11.8125,-0.234444
16419,76.125,88.875,-11.9375,-0.221111
16430,75.875,89.125,-12.0625,-0.218889
16439,75.625,89.375,-12.1875,-0.202222
16447,75.375,89.625,-12.3125,-0.197778
16457,75.25,89.75,-12.375,-0.191111
16466,75,90,-12.5,-0.192222
16476,74.75,90.25,-12.625,-0.192222
16485,74.625,90.375,-12.6875,-0.205556
16493,74.375,90.625,-12.8125,-0.204444
16502,74.375,90.625,-12.8125,-0.2
16511,74.125,90.875,-12.9375,-0.2
16522,73.875,91.125,-13.0625,-0.207778
16532,73.625,91.375,-13.1875,-0.21
16540,73.5,91.5,-13.25,-0.211111
16549,73.25,91.75,-13.375,-0.21
16559,73,92,-13.5,-0.214444
16571,72.75,92.25,-13.625,-0.224444
16581,72.5,92.5,-13.75,-0.228889
16590,72.25,92.75,-13.875,-0.237778
16598,72,93,-14,-0.243333
16608,71.75,93.25,-14.125,-0.245556
16618,71.375,93.625,-14.3125,-0.244444
16629,71.125,93.875,-14.4375,-0.253333
16637,70.875,94.125,-14.5625,-0.265556
16646,70.5,94.5,-14.75,-0.27
16654,70.25,94.75,-14.875,-0.267778
16663,70.25,94.75,-14.875,-0.268889
16673,70,95,-15,-0.255556
16683,69.75,95.25,-15.125,-0.255556
16691,69.375,95.625,-15.3125,-0.266667
16700,69.125,95.875,-15.4375,-0.246667
16710,68.875,96.125,-15.5625,-0.256667
16721,68.625,96.375,-15.6875,-0.252222
16732,68.25,96.75,-15.875,-0.242222
16740,68.125,96.875,-15.9375,-0.212222
16748,67.875,97.125,-16.0625,-0.223333
16758,67.625,97.375,-16.1875,-0.213333
16768,67.375,97.625,-16.3125,-0.203333
16777,67.125,97.875,-16.4375,-0.21
16785,66.875,98.125,-16.5625,-0.212222
16794,66.875,98.125,-16.5625,-0.211111
16803,66.625,98.375,-16.6875,-0.211111
16813,66.5,98.5,-16.75,-0.204444
16823,66.25,98.75,-16.875,-0.204444
16836,66,99,-17,-0.217778
16844,65.75,99.25,-17.125,-0.2
16853,65.5,99.5,-17.25,-0.2
16863,65.375,99.625,-17.3125,-0.195556
16873,65.125,99.875,-17.4375,-0.217778
16883,64.875,100.125,-17.5625,-0.214444
16892,64.625,100.375,-17.6875,-0.216667
16900,64.375,100.625,-17.8125,-0.207778
16910,64.125,100.875,-17.9375,-0.221111
16920,63.875,101.125,-18.0625,-0.217778
16931,63.625,101.375,-18.1875,-0.2
16940,63.5,101.5,-18.25,-0.182222
16948,63.25,101.75,-18.375,-0.198889
16956,63,102,-18.5,-0.215556
16965,62.75,102.25,-18.625,-0.22
16975,62.75,102.25,-18.625,-0.216667
16985,62.625,102.375,-18.6875,-0.198889
16993,62.375,102.625,-18.8125,-0.198889
17001,62.125,102.875,-18.9375,-0.21
17011,61.875,103.125,-19.0625,-0.207778
17022,61.75,103.25,-19.125,-0.194444
17033,61.5,103.5,-19.25,-0.18
17041,61.375,103.625,-19.3125,-0.165556
17050,61.125,103.875,-19.4375,-0.177778
17058,61,104,-19.5,-0.177778
17067,60.75,104.25,-19.625,-0.176667
17076,60.75,104.25,-19.625,-0.176667
17085,60.625,104.375,-19.6875,-0.182222
17094,60.375,104.625,-19.8125,-0.182222
17102,60.125,104.875,-19.9375,-0.185556
17112,60,105,-20,-0.183333
17123,59.75,105.25,-20.125,-0.171111
17134,59.625,105.375,-20.1875,-0.201111
17142,59.375,105.625,-20.3125,-0.193333
17150,59.125,105.875,-20.4375,-0.2
17159,58.875,106.125,-20.5625,-0.211111
17167,58.625,106.375,-20.6875,-0.24
17176,58.625,106.375,-20.6875,-0.231111
17186,58.375,106.625,-20.8125,-0.22
17195,58.125,106.875,-20.9375,-0.22
17204,57.875,107.125,-21.0625,-0.215556
17213,57.625,107.375,-21.1875,-0.236667
17224,57.375,107.625,-21.3125,-0.255556
17235,57.125,107.875,-21.4375,-0.258889
17243,56.875,108.125,-21.5625,-0.253333
17252,56.5,108.5,-21.75,-0.261111
17261,56.25,108.75,-21.875,-0.256667
17271,56,109,-22,-0.227778
17280,55.75,109.25,-22.125,-0.234444
17288,55.5,109.5,-22.25,-0.248889
17297,55.5,109.5,-22.25,-0.243333
17305,55.25,109.75,-22.375,-0.243333
17315,55,110,-22.5,-0.221111
17326,54.875,110.125,-22.5625,-0.206667
17336,54.625,110.375,-22.6875,-0.212222
17345,54.375,110.625,-22.8125,-0.2
17353,54.25,110.75,-22.875,-0.18
17363,54,111,-23,-0.17
17374,53.875,111.125,-23.0625,-0.163333
17385,53.625,111.375,-23.1875,-0.173333
17393,53.5,111.5,-23.25,-0.188889
17402,53.25,111.75,-23.375,-0.184444
17411,53.125,111.875,-23.4375,-0.155556
17420,53,112,-23.5,-0.165556
17430,52.75,112.25,-23.625,-0.173333
17438,52.625,112.375,-23.6875,-0.141111
17447,52.625,112.375,-23.6875,-0.141111
17456,52.5,112.5,-23.75,-0.124444
17466,52.375,112.625,-23.8125,-0.128889
17476,52.25,112.75,-23.875,-0.113333
17487,52.25,112.75,-23.875,-0.0866667
17495,52.125,112.875,-23.9375,-0.06
17504,52.125,112.875,-23.9375,-0.0477778
17512,52.125,112.875,-23.9375,-0.0688889
17522,52,113,-24,-0.0766667
17530,52,113,-24,-0.09
17539,51.875,113.125,-24.0625,-0.0611111
17548,51.875,113.125,-24.0625,-0.0522222
17557,51.875,113.125,-24.0625,-0.0522222
17567,51.875,113.125,-24.0625,-0.0411111
17577,51.875,113.125,-24.0625,-0.04
17587,51.875,113.125,-24.0625,-0.0388889
17596,51.75,113.25,-24.125,-0.0433333
17604,51.75,113.25,-24.125,-0.0488889
17613,51.75,113.25,-24.125,-0.0522222
17623,51.75,113.25,-24.125,-0.07
17633,51.75,113.25,-24.125,-0.0688889
17642,51.75,113.25,-24.125,-0.0777778
17650,51.625,113.375,-24.1875,-0.0888889
17659,51.5,113.5,-24.25,-0.0944444
17669,51.5,113.5,-24.25,-0.0977778
17678,51.5,113.5,-24.25,-0.106667
17688,51.375,113.625,-24.3125,-0.106667
17697,51.125,113.875,-24.4375,-0.118889
17705,51,114,-24.5,-0.137778
17715,50.875,114.125,-24.5625,-0.155556
17725,50.625,114.375,-24.6875,-0.17
17735,50.375,114.625,-24.8125,-0.183333
17743,50.25,114.75,-24.875,-0.194444
17752,50,115,-25,-0.198889
17760,49.75,115.25,-25.125,-0.213333
17769,49.75,115.25,-25.125,-0.226667
17779,49.5,115.5,-25.25,-0.233333
17789,49.25,115.75,-25.375,-0.233333
17797,48.875,116.125,-25.5625,-0.248889
17806,48.625,116.375,-25.6875,-0.25
17815,48.375,116.625,-25.8125,-0.231111
17825,48.125,116.875,-25.9375,-0.231111
17835,47.875,117.125,-26.0625,-0.24
17844,47.625,117.375,-26.1875,-0.237778
17852,47.375,117.625,-26.3125,-0.244444
17861,47.375,117.625,-26.3125,-0.241111
17870,47,118,-26.5,-0.248889
17879,46.75,118.25,-26.625,-0.233333
17889,46.5,118.5,-26.75,-0.233333
17898,46.25,118.75,-26.875,-0.236667
17906,46,119,-27,-0.231111
17915,45.75,119.25,-27.125,-0.211111
17925,45.5,119.5,-27.25,-0.206667
17936,45.375,119.625,-27.3125,-0.178889
17945,45.125,119.875,-27.4375,-0.176667
17953,45,120,-27.5,-0.187778
17967,44.75,120.25,-27.625,-0.163333
17978,44.625,120.375,-27.6875,-0.145556
17988,44.5,120.5,-27.75,-0.153333
17997,44.375,120.625,-27.8125,-0.135556
18005,44.25,120.75,-27.875,-0.114444
18014,44.125,120.875,-27.9375,-0.0722222
18022,44.125,120.875,-27.9375,-0.0633333
18031,44.125,120.875,-27.9375,-0.0633333
18041,44,121,-28,-0.0444444
18050,44,121,-28,-0.0444444
18060,43.875,121.125,-28.0625,-0.0422222
18070,43.875,121.125,-28.0625,-0.0411111
18080,43.75,121.25,-28.125,-0.0433333
18090,43.75,121.25,-28.125,-0.0544444
18099,43.625,121.375,-28.1875,-0.0633333
18107,43.625,121.375,-28.1875,-0.0766667
18117,43.5,121.5,-28.25,-0.0888889
18127,43.375,121.625,-28.3125,-0.0966667
18138,43.25,121.75,-28.375,-0.102222
18146,43.125,121.875,-28.4375,-0.124444
18155,43,122,-28.5,-0.138889
18163,42.75,122.25,-28.625,-0.138889
18172,42.625,122.375,-28.6875,-0.136667
18181,42.625,122.375,-28.6875,-0.14
18191,42.5,122.5,-28.75,-0.134444
18199,42.375,122.625,-28.8125,-0.134444
18208,42.25,122.75,-28.875,-0.113333
18218,42.125,122.875,-28.9375,-0.103333
18228,42,123,-29,-0.0966667
18240,41.875,123.125,-29.0625,-0.0944444
18248,41.75,123.25,-29.125,-0.0911111
18257,41.625,123.375,-29.1875,-0.0733333
18266,41.625,123.375,-29.1875,-0.03
18276,41.625,123.375,-29.1875,0.0233333
18285,41.75,123.25,-29.125,0.0566667
18293,41.875,123.125,-29.0625,0.112222
18302,41.875,123.125,-29.0625,0.165556
18310,42,123,-29,0.165556
18321,42.25,122.75,-28.875,0.237778
18331,42.625,122.375,-28.6875,0.298889
18341,43,122,-28.5,0.377778
18350,43.625,121.375,-28.1875,0.473333
18358,44.25,120.75,-27.875,0.575556
18369,44.875,120.125,-27.5625,0.671111
18381,45.75,119.25,-27.125,0.721111
18391,46.625,118.375,-26.6875,0.778889
18400,47.5,117.5,-26.25,0.83
18408,48.5,116.5,-25.75,0.858889
18418,49.375,115.625,-25.3125,0.888889
18429,50.375,114.625,-24.8125,0.917778
18440,51.5,113.5,-24.25,0.914444
18449,52.375,112.625,-23.8125,0.861111
18457,53.375,111.625,-23.3125,0.835556
18467,54.25,110.75,-22.875,0.818889
18477,55.125,109.875,-22.4375,0.801111
18486,56,109,-22,0.777778
18494,100,65,0,0
18503,56.875,108.125,-21.5625,0.732222
18512,57.625,107.375,-21.1875,0.732222
18522,58.5,106.5,-20.75,0.71
18532,59.25,105.75,-20.375,0.69
18542,60.125,104.875,-19.9375,0.84
18551,61.625,103.375,-19.1875,1.27333
18560,62.25,102.75,-18.875,0.624444
18571,62.875,102.125,-18.5625,0.534444
18582,63.625,101.375,-18.1875,0.663333
18592,64.375,100.625,-17.8125,0.651111
18601,65,100,-17.5,0.556667
18609,65.625,99.375,-17.1875,0.55
18620,66.25,98.75,-16.875,0.566667
18631,66.875,98.125,-16.5625,0.568889
18642,67.5,97.5,-16.25,0.544444
18650,68,97,-16,0.531111
18659,68.625,96.375,-15.6875,0.522222
18668,69.125,95.875,-15.4375,0.524444
18679,69.75,95.25,-15.125,0.534444
18689,70.25,94.75,-14.875,0.543333
18697,70.875,94.125,-14.5625,0.525556
18706,71.375,93.625,-14.3125,0.504444
18714,71.375,93.625,-14.3125,0.482222
18724,72,93,-14,0.458889
18733,72.5,92.5,-13.75,0.458889
18744,73,92,-13.5,0.458889
18752,73.5,91.5,-13.25,0.48
18761,74,91,-13,0.484444
18770,74.5,90.5,-12.75,0.487778
18780,75,90,-12.5,0.49
18789,75.625,89.375,-12.1875,0.494444
18798,76.125,88.875,-11.9375,0.506667
18806,76.625,88.375,-11.6875,0.51
18815,76.625,88.375,-11.6875,0.505556
18824,77.25,87.75,-11.375,0.482222
18834,77.75,87.25,-11.125,0.482222
18844,78.25,86.75,-10.875,0.483333
18853,78.75,86.25,-10.625,0.464444
18861,79.25,85.75,-10.375,0.461111
18872,79.75,85.25,-10.125,0.447778
18885,80.25,84.75,-9.875,0.403333
18895,80.75,84.25,-9.625,0.385556
18903,81.125,83.875,-9.4375,0.385556
18912,81.5,83.5,-9.25,0.382222
18923,82,83,-9,0.374444
18934,82.375,82.625,-8.8125,0.376667
18944,82.75,82.25,-8.625,0.38
18954,83.25,81.75,-8.375,0.377778
18962,83.625,81.375,-8.1875,0.374444
18973,84,81,-8,0.374444
18983,84.5,80.5,-7.75,0.395556
18994,84.875,80.125,-7.5625,0.406667
19002,85.375,79.625,-7.3125,0.411111
19011,85.75,79.25,-7.125,0.412222
19021,86.25,78.75,-6.875,0.41
19032,86.625,78.375,-6.6875,0.386667
19042,87.125,77.875,-6.4375,0.416667
19050,87.625,77.375,-6.1875,0.417778
19059,88,77,-6,0.435556
19067,88.5,76.5,-5.75,0.46
19076,88.5,76.5,-5.75,0.494444
19086,89.125,75.875,-5.4375,0.51
19096,89.625,75.375,-5.1875,0.513333
19105,90.25,74.75,-4.875,0.513333
19113,90.75,74.25,-4.625,0.504444
19124,91.375,73.625,-4.3125,0.503333
19135,91.875,73.125,-4.0625,0.506667
19145,92.375,72.625,-3.8125,0.494444
19154,93,72,-3.5,0.493333
19162,93.5,71.5,-3.25,0.473333
19173,94,71,-3,0.481111
19184,94.5,70.5,-2.75,0.473333
19195,95,70,-2.5,0.463333
19203,95.5,69.5,-2.25,0.437778
19212,96,69,-2,0.434444
19221,96.5,68.5,-1.75,0.441111
19231,97,68,-1.5,0.435556
19241,97.375,67.625,-1.3125,0.417778
19249,97.875,67.125,-1.0625,0.398889
19258,98.25,66.75,-0.875,0.363333
19266,98.25,66.75,-0.875,0.351111
19276,98.625,66.375,-0.6875,0.351111
19286,99,66,-0.5,0.346667
19297,99.375,65.625,-0.3125,0.348889
19306,99.75,65.25,-0.125,0.342222
19314,100,65,0,0.33
19324,100.375,64.625,0.1875,0.313333
19334,100.625,64.375,0.3125,0.304444
19346,101,64,0.5,0.292222
19354,101.25,63.75,0.625,0.276667
19363,101.625,63.375,0.8125,0.284444
19372,101.875,63.125,0.9375,0.268889
19382,102.125,62.875,1.0625,0.253333
19394,102.5,62.5,1.25,0.256667
19402,102.75,62.25,1.375,0.265556
19410,103,62,1.5,0.283333
19418,103,62,1.5,0.316667
19428,103.375,61.625,1.6875,0.341111
19438,103.75,61.25,1.875,0.382222
19447,104.25,60.75,2.125,0.434444
19456,104.75,60.25,2.375,0.434444
19465,105.25,59.75,2.625,0.51
19476,105.875,59.125,2.9375,0.564444
19487,106.5,58.5,3.25,0.585556
19497,107.125,57.875,3.5625,0.608889
19506,107.875,57.125,3.9375,0.628889
19514,108.5,56.5,4.25,0.631111
19525,109.25,55.75,4.625,0.642222
19537,110,55,5,0.648889
19547,110.625,54.375,5.3125,0.605556
19556,111.25,53.75,5.625,0.56
19564,111.75,53.25,5.875,0.482222
19575,112.25,52.75,6.125,0.421111
19585,112.5,52.5,6.25,0.33
19596,100,65,0,0
19605,113,52,6.5,0.175556
19613,113.125,51.875,6.5625,0.0944444
19623,113.125,51.875,6.5625,0.0444444
19632,113.125,51.875,6.5625,0.0177778
19641,113,52,6.5,-0.0522222
19650,113,52,6.5,0.105556
19659,113.125,51.875,6.5625,0.105556
19667,113.375,51.625,6.6875,0.192222
19678,113.25,51.75,6.625,-0.0766667
19688,112.75,52.25,6.375,-0.361111
19699,112.25,52.75,6.125,-0.453333
19708,111.875,53.125,5.9375,-0.382222
19716,111.5,53.5,5.75,-0.267778
19727,111,54,5.5,-0.35
19738,110.5,54.5,5.25,-0.397778
19748,110.125,54.875,5.0625,-0.39
19757,109.625,55.375,4.8125,-0.43
19766,109.125,55.875,4.5625,-0.403333
19777,108.75,56.25,4.375,-0.341111
19788,108.375,56.625,4.1875,-0.254444
19799,108.25,56.75,4.125,-0.144444
19808,108.125,56.875,4.0625,-0.0455556
19816,108.25,56.75,4.125,0.0677778
19827,108.5,56.5,4.25,0.185556
19838,108.875,56.125,4.4375,0.321111
19849,109.25,55.75,4.625,0.461111
19857,109.875,55.125,4.9375,0.596667
19866,110.75,54.25,5.375,0.722222
19876,111.625,53.375,5.8125,0.836667
19888,112.75,52.25,6.375,0.923333
19899,113.75,51.25,6.875,0.955556
19908,100,65,0,0
19916,115.75,49.25,7.875,0.88
19927,116.75,48.25,8.375,0.817778
19939,117.625,47.375,8.8125,0.752222
19949,118.375,46.625,9.1875,0.697778
19958,119,46,9.5,0.528889
19966,119.5,45.5,9.75,0.435556
19977,120.5,44.5,10.25,0.916667
19988,121.375,43.625,10.6875,0.727778
19999,121.75,43.25,10.875,0.386667
20009,122,43,11,0.201111
20018,122.25,42.75,11.125,0.253333
20029,122.5,42.5,11.25,0.234444
20040,122.75,42.25,11.375,0.226667
20051,123,42,11.5,0.237778
20059,123.375,41.625,11.6875,0.277778
20067,123.625,41.375,11.8125,0.282222
20078,124,41,12,0.272222
20089,124.25,40.75,12.125,0.263333
20100,124.5,40.5,12.25,0.238889
20109,124.75,40.25,12.375,0.226667
20118,125,40,12.5,0.24
20126,125.25,39.75,12.625,0.256667
20136,125.5,39.5,12.75,0.246667
20144,125.75,39.25,12.875,0.264444
20153,126,39,13,0.277778
20161,126,39,13,0.273333
20170,126.375,38.625,13.1875,0.273333
20180,126.625,38.375,13.3125,0.267778
20191,127,38,13.5,0.297778
20201,127.375,37.625,13.6875,0.323333
20210,127.75,37.25,13.875,0.336667
20218,128.125,36.875,14.0625,0.347778
20229,128.5,36.5,14.25,0.362222
20240,129,36,14.5,0.406667
20251,129.5,35.5,14.75,0.437778
20260,130,35,15,0.454444
20268,130.5,34.5,15.25,0.477778
20277,131,34,15.5,0.495556
20287,131.625,33.375,15.8125,0.511111
20298,132.125,32.875,16.0625,0.501111
20306,132.75,32.25,16.375,0.497778
20315,133.25,31.75,16.625,0.498889
20323,133.875,31.125,16.9375,0.484444
20333,133.875,31.125,16.9375,0.47
20342,134.375,30.625,17.1875,0.451111
20352,134.875,30.125,17.4375,0.433333
20361,135.375,29.625,17.6875,0.433333
20369,135.875,29.125,17.9375,0.434444
20378,136.25,28.75,18.125,0.417778
20388,136.75,28.25,18.375,0.397778
20398,137.125,27.875,18.5625,0.386667
20407,137.625,27.375,18.8125,0.373333
20418,138,27,19,0.363333
20426,138.375,26.625,19.1875,0.346667
20435,138.75,26.25,19.375,0.318889
20444,138.75,26.25,19.375,0.293333
20454,139.125,25.875,19.5625,0.257778
20462,139.375,25.625,19.6875,0.257778
20471,139.625,25.375,19.8125,0.211111
20481,139.75,25.25,19.875,0.173333
20492,140,25,20,0.121111
20502,140,25,20,0.0777778
20512,140.125,24.875,20.0625,0.0333333
20520,140.125,24.875,20.0625,0.0222222
20531,140.125,24.875,20.0625,0.00333333
20542,140.125,24.875,20.0625,-0.0211111
20552,140,25,20,-0.07
20561,139.875,25.125,19.9375,-0.138889
20570,139.75,25.25,19.875,-0.183333
20579,139.375,25.625,19.6875,-0.217778
20589,139.125,25.875,19.5625,-0.227778
20600,138.875,26.125,19.4375,-0.272222
20609,138.5,26.5,19.25,-0.282222
20617,138.25,26.75,19.125,-0.297778
20626,137.75,27.25,18.875,-0.34
20634,137.75,27.25,18.875,-0.352222
20644,137.375,27.625,18.6875,-0.341111
20654,137,28,18.5,-0.344444
20663,136.625,28.375,18.3125,-0.344444
20671,136.25,28.75,18.125,-0.353333
20681,135.875,29.125,17.9375,-0.367778
20692,135.375,29.625,17.6875,-0.374444
20703,135,30,17.5,-0.396667
20712,134.5,30.5,17.25,-0.431111
20720,134,31,17,-0.473333
20729,133.5,31.5,16.75,-0.523333
20737,132.875,32.125,16.4375,-0.562222
20746,132.25,32.75,16.125,-0.597778
20755,132.25,32.75,16.125,-0.627778
20764,131.5,33.5,15.75,-0.627778
20772,130.875,34.125,15.4375,-0.651111
20783,130.125,34.875,15.0625,-0.694444
20794,129.25,35.75,14.625,-0.751111
20804,128.375,36.625,14.1875,-0.811111
20813,127.5,37.5,13.75,-0.85
20821,126.5,38.5,13.25,-0.917778
20833,125.5,39.5,12.75,-0.917778
20843,124.5,40.5,12.25,-0.987778
20854,123.375,41.625,11.6875,-1.01667
20862,122.25,42.75,11.125,-1.03111
20871,121.125,43.875,10.5625,-1.03333
20882,100,65,0,0
20893,118.75,46.25,9.375,-1.06556
20904,117.625,47.375,8.8125,-1.06778
20912,116.375,48.625,8.1875,-1.09778
20921,100,65,0,0
20933,113.125,51.875,6.5625,-1.73444
20943,111.375,53.625,5.6875,-1.64333
20954,110.375,54.625,5.1875,-0.863333
20963,109.75,55.25,4.875,-0.61
20971,108.5,56.5,4.25,-1.06111
20982,107.75,57.25,3.875,-0.678889
20993,107.875,57.125,3.9375,0.0588889
21004,107.625,57.375,3.8125,-0.237778
21013,107.125,57.875,3.5625,-0.398889
21021,106.5,58.5,3.25,-0.556667
21034,106,59,3,-0.52
21044,105.25,59.75,2.625,-0.643333
21055,104.5,60.5,2.25,-0.698889
21064,103.75,61.25,1.875,-0.69
21072,103,62,1.5,-0.705556
21083,102.25,62.75,1.125,-0.683333
21094,101.5,63.5,0.75,-0.651111
21105,100.875,64.125,0.4375,-0.606667
21113,100.25,64.75,0.125,-0.568889
21122,99.75,65.25,-0.125,-0.538889
21132,99.125,65.875,-0.4375,-0.528889
21143,98.5,66.5,-0.75,-0.546667
21155,97.75,67.25,-1.125,-0.586667
21163,97.125,67.875,-1.4375,-0.6
21172,96.375,68.625,-1.8125,-0.592222
21181,95.75,69.25,-2.125,-0.607778
21191,95,70,-2.5,-0.637778
21200,94.25,70.75,-2.875,-0.635556
21208,93.5,71.5,-3.25,35.7511
21217,93.5,71.5,-3.25,-0.664444
21226,92.75,72.25,-3.625,-0.664444
21236,92,73,-4,-0.652222
21246,91.25,73.75,-4.375,-0.634444
21256,90.625,74.375,-4.6875,-0.633333
21265,89.875,75.125,-5.0625,-0.608889
21273,89.25,75.75,-5.375,-0.583333
21283,88.625,76.375,-5.6875,35.8522
21293,88.125,76.875,-5.9375,-0.533333
21303,87.5,77.5,-6.25,-0.517778
21311,87,78,-6.5,-0.522222
21320,86.5,78.5,-6.75,-0.542222
21328,86.5,78.5,-6.75,-0.543333
21338,85.875,79.125,-7.0625,-0.55
21347,85.25,79.75,-7.375,-0.544444
21358,84.625,80.375,-7.6875,-0.544444
21366,84,81,-8,-0.548889
21375,83.375,81.625,-8.3125,-0.535556
21386,82.75,82.25,-8.625,-0.518889
21396,82.125,82.875,-8.9375,-0.507778
21407,81.5,83.5,-9.25,-0.495556
21416,80.875,84.125,-9.5625,-0.495556
21424,80.375,84.625,-9.8125,-0.481111
21436,79.75,85.25,-10.125,-0.47
21447,79.25,85.75,-10.375,-0.458889
21457,78.625,86.375,-10.6875,-0.473333
21466,78.125,86.875,-10.9375,-0.452222
21475,77.625,87.375,-11.1875,-0.418889
21486,76.875,88.125,-11.5625,-0.646667
21497,76.125,88.875,-11.9375,-0.663333
21507,75.625,89.375,-12.1875,-0.387778
21516,75.5,89.5,-12.25,-0.11
21524,75.375,89.625,-12.3125,-0.233333
21535,75.25,89.75,-12.375,-0.126667
21546,75.25,89.75,-12.375,-0.0844444
21557,74.875,90.125,-12.5625,-0.353333
21566,74.375,90.625,-12.8125,-0.474444
21574,73.875,91.125,-13.0625,-0.524444
21584,73.375,91.625,-13.3125,-0.56
21594,72.75,92.25,-13.625,-0.558889
21604,72.25,92.75,-13.875,-0.554444
21613,71.75,93.25,-14.125,-0.538889
21621,71.125,93.875,-14.4375,-0.547778
21630,71.125,93.875,-14.4375,-0.544444
21639,70.625,94.375,-14.6875,-0.536667
21649,70,95,-15,-0.525556
21659,69.5,95.5,-15.25,-0.525556
21668,68.875,96.125,-15.5625,-0.515556
21676,68.375,96.625,-15.8125,-0.505556
21687,67.75,97.25,-16.125,-0.485556
21698,67.25,97.75,-16.375,-0.455556
21709,66.75,98.25,-16.625,-0.457778
21718,66.125,98.875,-16.9375,-0.481111
21726,65.625,99.375,-17.1875,-0.507778
21737,65,100,-17.5,-0.516667
21748,64.5,100.5,-17.75,-0.522222
21759,63.875,101.125,-18.0625,-0.516667
21767,63.25,101.75,-18.375,-0.517778
21776,62.75,102.25,-18.625,-0.524444
21787,62.125,102.875,-18.9375,-0.52
21798,61.625,103.375,-19.1875,-0.522222
21809,61.125,103.875,-19.4375,-0.507778
21818,60.625,104.375,-19.6875,-0.48
21827,60,105,-20,-0.493333
21838,59.5,105.5,-20.25,-0.487778
21849,59.125,105.875,-20.4375,-0.47
21859,58.5,106.5,-20.75,-0.497778
21868,58,107,-21,-0.501111
21876,57.5,107.5,-21.25,-0.494444
21887,57.125,107.875,-21.4375,-0.441111
21898,56.75,108.25,-21.625,-0.374444
21909,56.375,108.625,-21.8125,-0.353333
21918,56,109,-22,-0.33
21926,55.75,109.25,-22.125,-0.274444
21936,55.5,109.5,-22.25,-0.248889
21947,55.375,109.625,-22.3125,-0.197778
21959,55.25,109.75,-22.375,-0.181111
21967,55,110,-22.5,-0.158889
21976,55,110,-22.5,-0.125556
21985,54.875,110.125,-22.5625,-0.138889
21993,54.625,110.375,-22.6875,-0.142222
22002,54.625,110.375,-22.6875,-0.174444
22012,54.5,110.5,-22.75,-0.198889
22020,54.375,110.625,-22.8125,-0.198889
22029,54.125,110.875,-22.9375,-0.202222
22040,53.875,111.125,-23.0625,-0.232222
22050,53.625,111.375,-23.1875,-0.296667
22061,53.25,111.75,-23.375,-0.336667
22069,52.875,112.125,-23.5625,-0.367778
22078,52.375,112.625,-23.8125,-0.392222
22089,51.875,113.125,-24.0625,-0.46
22100,51.375,113.625,-24.3125,-0.514444
22111,50.75,114.25,-24.625,-0.55
22119,50.125,114.875,-24.9375,-0.587778
22128,49.5,115.5,-25.25,-0.586667
22138,48.875,116.125,-25.5625,-0.613333
22150,48.125,116.875,-25.9375,-0.642222
22161,47.375,117.625,-26.3125,-0.664444
22169,46.625,118.375,-26.6875,-0.678889
22178,45.875,119.125,-27.0625,-0.675556
22188,45.125,119.875,-27.4375,-0.627778
22198,44.5,120.5,-27.75,-0.612222
22209,43.875,121.125,-28.0625,-0.601111
22217,43.125,121.875,-28.4375,-0.592222
22226,42.5,122.5,-28.75,-0.58
22234,41.875,123.125,-29.0625,-0.564444
22243,41.875,123.125,-29.0625,-0.532222
22253,41.25,123.75,-29.375,-0.494444
22263,40.75,124.25,-29.625,-0.468889
22272,40.25,124.75,-29.875,-0.468889
22281,39.75,125.25,-30.125,-0.457778
22291,39.25,125.75,-30.375,-0.456667
22302,38.75,126.25,-30.625,-0.434444
22312,38.25,126.75,-30.875,-0.417778
22321,37.875,127.125,-31.0625,-0.404444
22330,37.5,127.5,-31.25,-0.357778
22341,37.125,127.875,-31.4375,-0.357778
22351,36.75,128.25,-31.625,-0.365556
22362,36.375,128.625,-31.8125,-0.356667
22371,36,129,-32,-0.35
22379,35.625,129.375,-32.1875,-0.365556
22387,35.125,129.875,-32.4375,-0.373333
22396,34.75,130.25,-32.625,-0.39
22405,34.25,130.75,-32.875,-0.415556
22414,34.25,130.75,-32.875,-0.443333
22423,33.875,131.125,-33.0625,-0.443333
22432,33.375,131.625,-33.3125,-0.466667
22442,32.875,132.125,-33.5625,-0.483333
22453,32.25,132.75,-33.875,-0.506667
22463,31.75,133.25,-34.125,-0.531111
22478,31.125,133.875,-34.4375,-0.541111
22486,30,135,-35,-0.537778
22495,29.5,135.5,-35.25,-0.533333
22504,29.5,135.5,-35.25,-0.525556
22514,28.875,136.125,-35.5625,-0.524444
22523,28.375,136.625,-35.8125,-0.524444
22532,27.75,137.25,-36.125,-0.511111
22543,27.25,137.75,-36.375,-0.514444
22553,26.75,138.25,-36.625,-0.482222
22564,26.25,138.75,-36.875,-0.456667
22572,25.75,139.25,-37.125,-0.407778
22581,25.375,139.625,-37.3125,-0.374444
22592,25,140,-37.5,-0.343333
22603,24.5,140.5,-37.75,-0.324444
22614,24.125,140.875,-37.9375,-0.323333
22622,23.75,141.25,-38.125,-0.325556
22630,23.375,141.625,-38.3125,-0.335556
22641,22.875,142.125,-38.5625,-0.345556
22652,22.375,142.625,-38.8125,-0.363333
22663,22,143,-39,-0.397778
22673,21.375,143.625,-39.3125,-0.411111
22682,20.875,144.125,-39.5625,-0.484444
22693,20.25,144.75,-39.875,-0.56
22703,19.5,145.5,-40.25,-0.645556
22714,18.625,146.375,-40.6875,-0.733333
22727,17.75,147.25,-41.125,-0.83
22736,16.75,148.25,-41.625,-0.956667
22746,15.75,149.25,-42.125,-1.01778
22755,14.625,150.375,-42.6875,-1.08333
22765,13.5,151.5,-43.25,-1.08333
22774,12.25,152.75,-43.875,-1.15444
22782,11,154,-44.5,-1.20111
22793,9.625,155.375,-45.1875,-1.24444
22805,8.375,156.625,-45.8125,-1.25667
22815,7,158,-46.5,-1.26778
22824,5.75,159.25,-47.125,-1.24556
22832,4.375,160.625,-47.8125,-1.23778
22843,3.125,161.875,-48.4375,-1.21444
22854,1.875,163.125,-49.0625,-1.19222
22865,0.75,164.25,-49.625,-1.15111
22873,-0.375,165.375,-50.1875,-1.12556
22883,-1.5,166.5,-50.75,-1.11556
22895,-2.75,167.75,-51.375,-1.13778
22905,-3.875,168.875,-51.9375,-1.17778
22916,-5.125,170.125,-52.5625,-1.16778
22926,-6.25,171.25,-53.125,-1.13667
22935,-7.375,172.375,-53.6875,-1.16778
22946,-8.5,173.5,-54.25,-1.17778
22956,-9.75,174.75,-54.875,-1.23333
22967,-11,176,-55.5,-1.31333
22975,-12.25,177.25,-56.125,-1.38778
22982,-13.75,178.75,-56.875,-1.48
22991,-15.25,180.25,-57.625,-1.59111
23001,-16.875,181.875,-58.4375,-1.72444
23010,-18.625,183.625,-59.3125,-1.86778
23018,-20.5,185.5,-60.25,-2.01
23026,-20.5,185.5,-60.25,-2.01
23032,-22.5,187.5,-61.25,-2.16222
23039,-24.625,189.625,-62.3125,-2.35333
23045,-26.875,191.875,-63.4375,-2.48778
23053,-26.875,191.875,-63.4375,-2.48778
23061,-29.125,194.125,-64.5625,-2.50889
23066,-31.25,196.25,-65.625,-2.48444
23072,-31.25,196.25,-65.625,-2.48444
23078,-33.25,198.25,-66.625,-2.41444
23084,-33.25,198.25,-66.625,-2.41444
23093,-35.125,200.125,-67.5625,-2.34222
23101,-36.875,201.875,-68.4375,-2.29778
23108,-38.625,203.625,-69.3125,-2.34222
23114,-38.625,203.625,-69.3125,-2.28
23120,-40.25,205.25,-70.125,-2.28
23125,-40.25,205.25,-70.125,-2.12667
23131,-41.75,206.75,-70.875,-2.12667
23137,-43,208,-71.5,-1.97667
23145,-43,208,-71.5,-1.97667
23153,-44.125,209.125,-72.0625,-1.85667
23162,-45,210,-72.5,-1.75
23167,-46,211,-73,-1.72889
23173,-46,211,-73,-1.72889
23181,-46.875,211.875,-73.4375,-1.82333
23187,-47.75,212.75,-73.875,-1.9
23194,-47.75,212.75,-73.875,-1.88
23203,-48.625,213.625,-74.3125,-1.88
23211,-49.375,214.375,-74.6875,-1.81778
23217,-50.125,215.125,-75.0625,-1.76444
23223,-50.125,215.125,-75.0625,-1.76444
23228,-50.75,215.75,-75.375,-1.71111
23235,-50.75,215.75,-75.375,-1.71111
23242,-51.25,216.25,-75.625,-1.67333
23250,-51.75,216.75,-75.875,-1.69667
23256,-51.75,216.75,-75.875,-1.71889
23265,-52,217,-76,-1.71889
23271,-52.25,217.25,-76.125,-1.68778
23277,-52.375,217.375,-76.1875,-1.59333
23283,-52.375,217.375,-76.1875,-1.59333
23291,-52.5,217.5,-76.25,-1.52222
23296,-52.375,217.375,-76.1875,-1.47444
23305,-52.375,217.375,-76.1875,-1.47444
23314,-52.25,217.25,-76.125,-1.46111
23321,-51.875,216.875,-75.9375,-1.49556
23327,-51.875,216.875,-75.9375,-1.57889
23333,-51.25,216.25,-75.625,-1.57889
23339,-50.5,215.5,-75.25,-1.65778
23346,-50.5,215.5,-75.25,-1.70111
23354,-49.625,214.625,-74.8125,-1.70111
23362,-48.75,213.75,-74.375,-1.66111
23368,-47.75,212.75,-73.875,-1.68333
23374,-47.75,212.75,-73.875,-1.68333
23378,-46.875,211.875,-73.4375,-1.67444
23386,-46.875,211.875,-73.4375,-1.67444
23395,-45.875,210.875,-72.9375,-1.64111
23404,-45,210,-72.5,-1.61667
23413,-43.875,208.875,-71.9375,-1.65333
23418,-42.875,207.875,-71.4375,-1.66778
23425,-42.875,207.875,-71.4375,-1.66778
23431,-41.75,206.75,-70.875,-1.63667
23437,-41.75,206.75,-70.875,-1.64556
23445,-40.625,205.625,-70.3125,-1.64556
23453,-39.375,204.375,-69.6875,-1.68667
23460,-38,203,-69,-1.77889
23467,-38,203,-69,-1.87889
23472,-36.375,201.375,-68.1875,-1.87889
23478,-34.625,199.625,-67.3125,-1.92222
23483,-34.625,199.625,-67.3125,-1.92222
23490,-32.875,197.875,-66.4375,-1.88556
23497,-32.875,197.875,-66.4375,-1.79222
23505,-31.125,196.125,-65.5625,-1.79222
23513,-29.5,194.5,-64.75,-1.65222
23520,-27.875,192.875,-63.9375,-1.51222
23526,-27.875,192.875,-63.9375,-1.51222
23532,-26.375,191.375,-63.1875,-1.39556
23537,-26.375,191.375,-63.1875,-1.30889
23547,-24.875,189.875,-62.4375,-1.30889
23556,-23.5,188.5,-61.75,-1.24889
23563,-22.25,187.25,-61.125,-1.17667
23570,-21,186,-60.5,-1.06778
23575,-21,186,-60.5,-1.06778
23580,-19.875,184.875,-59.9375,-0.944444
23585,-19.875,184.875,-59.9375,-0.944444
23593,-19,184,-59.5,-0.832222
23600,-18.125,183.125,-59.0625,-0.743333
23608,-18.125,183.125,-59.0625,-0.743333
23616,-17.25,182.25,-58.625,-0.67
23623,-16.5,181.5,-58.25,-0.625556
23629,-15.875,180.875,-57.9375,-0.603333
23635,-15.875,180.875,-57.9375,-0.603333
23642,-15.25,180.25,-57.625,-0.558889
23649,-15.25,180.25,-57.625,-0.504444
23658,-14.625,179.625,-57.3125,-0.504444
23668,-14.125,179.125,-57.0625,-0.46
23675,-13.625,178.625,-56.8125,-0.407778
23682,-13.25,178.25,-56.625,-0.363333
23691,-13.25,178.25,-56.625,-0.325556
23699,-12.875,177.875,-56.4375,-0.325556
23708,-12.625,177.625,-56.3125,-0.261111
23718,-12.5,177.5,-56.25,-0.184444
23725,-12.375,177.375,-56.1875,-0.0977778
23733,-12.375,177.375,-56.1875,-0.0211111
23740,-12.375,177.375,-56.1875,0.0411111
23749,-12.5,177.5,-56.25,0.0411111
23759,-12.625,177.625,-56.3125,0.0911111
23769,-12.875,177.875,-56.4375,0.142222
23776,-13.125,178.125,-56.5625,0.208889
23783,-13.5,178.5,-56.75,0.29
23791,-13.5,178.5,-56.75,0.382222
23800,-13.875,178.875,-56.9375,0.382222
23809,-14.5,179.5,-57.25,0.487778
23820,-15.125,180.125,-57.5625,0.592222
23828,-15.875,180.875,-57.9375,0.721111
23836,-16.875,181.875,-58.4375,1.06
23844,-17.875,182.875,-58.9375,1.06
23849,-19.125,184.125,-59.5625,1.26
23856,-19.125,184.125,-59.5625,1.26
23863,-20.75,185.75,-60.375,1.71889
23870,-20.75,185.75,-60.375,1.95889
23876,-22.5,187.5,-61.25,1.95889
23882,-24.5,189.5,-62.25,2.17889
23887,-24.5,189.5,-62.25,2.17889
23893,-26.75,191.75,-63.375,2.38
23899,-26.75,191.75,-63.375,2.53222
23907,-29,194,-64.5,2.53222
23918,-31.25,196.25,-65.625,2.66333
23924,-33.625,198.625,-66.8125,2.75556
23930,-33.625,198.625,-66.8125,2.83889
23937,-36,201,-68,2.83889
23944,-38.25,203.25,-69.125,2.88667
23950,-38.25,203.25,-69.125,2.88333
23958,-40.5,205.5,-70.25,2.88333
23966,-42.75,207.75,-71.375,2.85
23973,-44.75,209.75,-72.375,2.79333
23979,-44.75,209.75,-72.375,-33.6156
23984,-46.5,211.5,-73.25,2.69
23990,-46.5,211.5,-73.25,2.53444
23999,-48,213,-74,2.53444
24011,-49.25,214.25,-74.625,2.29778
24018,-50.125,215.125,-75.0625,2.03667
24025,-50.875,215.875,-75.4375,1.78556
24031,-50.875,215.875,-75.4375,1.55333
24036,-51.375,216.375,-75.6875,1.55333
24041,-51.75,216.75,-75.875,1.33667
24049,-51.75,216.75,-75.875,1.33667
24059,-52,217,-76,1.14222
24069,-52.25,217.25,-76.125,0.96
24075,-52.375,217.375,-76.1875,0.78
24080,-52.375,217.375,-76.1875,0.616667
24085,-52.5,217.5,-76.25,0.616667
24090,-52.625,217.625,-76.3125,0.481111
24100,-52.625,217.625,-76.3125,0.481111
24108,-52.625,217.625,-76.3125,0.387778
24117,-52.75,217.75,-76.375,0.312222
24122,-53,218,-76.5,0.245556
24128,-53,218,-76.5,0.245556
24135,-53.25,218.25,-76.625,0.213333
24141,-53.5,218.5,-76.75,0.24
24149,-53.5,218.5,-76.75,0.24
24157,-53.875,218.875,-76.9375,0.337778
24163,-54.5,219.5,-77.25,0.454444
24170,-54.5,219.5,-77.25,0.575556
24176,-55.25,220.25,-77.625,0.575556
24182,-56,221,-78,0.68
24188,-56,221,-78,0.68
24194,-56.75,221.75,-78.375,0.767778
24201,-56.75,221.75,-78.375,0.842222
24210,-57.5,222.5,-78.75,0.842222
24218,-58.125,223.125,-79.0625,0.891111
24224,-58.625,223.625,-79.3125,0.922222
24231,-58.625,223.625,-79.3125,0.922222
24235,-59,224,-79.5,0.981111
24240,-59,224,-79.5,1.04
24250,-59.25,224.25,-79.625,1.04
24260,-59.375,224.375,-79.6875,1.11333
24269,-59.25,224.25,-79.625,1.16556
24274,-58.875,223.875,-79.4375,1.19778
24279,-58.875,223.875,-79.4375,1.19778
24285,-58.25,223.25,-79.125,1.24111
24290,-58.25,223.25,-79.125,1.31
24298,-57.5,222.5,-78.75,1.31
24306,-56.5,221.5,-78.25,1.37444
24311,-56.5,221.5,-78.25,1.48333
24321,-55.25,220.25,-77.625,1.48333
24326,-53.875,218.875,-76.9375,1.62333
24332,-53.875,218.875,-76.9375,1.74444
24337,-52.25,217.25,-76.125,1.74444
24344,-50.5,215.5,-75.25,1.87111
24351,-50.5,215.5,-75.25,1.87111
24360,-48.625,213.625,-74.3125,1.98667
24369,-46.625,211.625,-73.3125,2.06778
24376,-44.5,209.5,-72.25,2.09222
24381,-44.5,209.5,-72.25,2.12667
24387,-42.375,207.375,-71.1875,2.12667
24392,-40.25,205.25,-70.125,2.17222
24401,-40.25,205.25,-70.125,2.17222
24410,-38,203,-69,2.17333
24419,-35.75,200.75,-67.875,2.15444
24424,-33.625,198.625,-66.8125,2.12556
24429,-33.625,198.625,-66.8125,2.12556
24436,-31.5,196.5,-65.75,2.06667
24443,-31.5,196.5,-65.75,2.06667
24452,-29.5,194.5,-64.75,1.97889
24460,-27.5,192.5,-63.75,1.86778
24468,-25.75,190.75,-62.875,1.76222
24475,-24,189,-62,1.67
24482,-24,189,-62,1.67
24486,-22.375,187.375,-61.1875,1.57778
24493,-22.375,187.375,-61.1875,1.48
24501,-20.875,185.875,-60.4375,1.48
24511,-19.5,184.5,-59.75,1.38667
24519,-18.125,183.125,-59.0625,1.30556
24525,-16.875,181.875,-58.4375,1.23111
24530,-16.875,181.875,-58.4375,1.23111
24537,-15.75,180.75,-57.875,1.15556
24542,-15.75,180.75,-57.875,1.07444
24551,-14.625,179.625,-57.3125,1.07444
24561,-13.625,178.625,-56.8125,1
24570,-12.75,177.75,-56.375,0.946667
24577,-11.875,176.875,-55.9375,0.924444
24584,-11.875,176.875,-55.9375,0.912222
24592,-10.875,175.875,-55.4375,0.912222
24601,-10,175,-55,0.898889
24611,-9.125,174.125,-54.5625,0.866667
24622,-8.25,173.25,-54.125,0.826667
24630,-7.5,172.5,-53.75,0.828889
24637,-6.625,171.625,-53.3125,0.771111
24645,-6.625,171.625,-53.3125,0.694444
24654,-6,171,-53,0.694444
24663,-5.375,170.375,-52.6875,0.61
24673,-4.75,169.75,-52.375,0.522222
24680,-4.375,169.375,-52.1875,0.432222
24688,-4,169,-52,0.325556
24696,-3.75,168.75,-51.875,0.208889
24704,-3.75,168.75,-51.875,0.208889
24715,-3.625,168.625,-51.8125,0.0911111
24724,-3.625,168.625,-51.8125,-0.0222222
24731,-4,169,-52,-0.116667
24738,-4.5,169.5,-52.25,-0.217778
24746,-4.5,169.5,-52.25,-0.334444
24754,-5.125,170.125,-52.5625,-0.334444
24764,-5.875,170.875,-52.9375,-0.466667
24773,-6.75,171.75,-53.375,-0.626667
24781,-7.5,172.5,-53.75,-0.783333
24789,-8.5,173.5,-54.25,-0.971111
24796,-9.75,174.75,-54.875,-1.19
24804,-9.75,174.75,-54.875,-1.19
24815,-11.125,176.125,-55.5625,-1.41444
24824,-12.875,177.875,-56.4375,-1.64556
24832,-14.875,179.875,-57.4375,-1.92444
24839,-17.125,182.125,-58.5625,-2.22
24847,-17.125,182.125,-58.5625,-2.51889
24856,-19.875,184.875,-59.9375,-2.83333
24865,-22.75,187.75,-61.375,-2.83333
24875,-26.125,191.125,-63.0625,-3.13444
24883,-29.625,194.625,-64.8125,-3.45222
24889,-33.625,198.625,-66.8125,-3.78444
24895,-37.625,202.625,-68.8125,-4.04
24904,-37.625,202.625,-68.8125,-4.04
24913,-42,207,-71,-4.34
24922,-46.375,211.375,-73.1875,-4.59667
24928,-50.75,215.75,-75.375,-4.82556
24933,-50.75,215.75,-75.375,-4.82556
24940,-55,220,-77.5,-5.04889
24946,-58.625,223.625,-79.3125,-5.20333
24955,-58.625,223.625,-79.3125,-5.20333
24963,-61,226,-80.5,-5.33111
